Developmental toxicity,Carcinogenicity,Androgenicity,Estrogenicity,Mutagenicity,Skin irritation,Chromosomal aberration,Hepatoxicity
1542,1883,1597,1103,1154,1727.0,2031,1587
136,429,776,905,1883,20.0,1903,1795
940,1072,1267,1342,283,1185.0,1523,1142
712,1995,965,23,1837,1791.0,1787,1509
1355,962,974,1259,1632,758.0,802,1938
1902,1837,2008,578,1920,1096.0,147,1904
48,1184,2028,1966,1307,888.0,1755,1457
718,1138,973,182,1432,613.0,1359,856
1513,804,1076,338,96,1447.0,1371,54
1195,347,697,439,586,112.0,1947,257
1265,1791,1206,1451,253,1837.0,1075,1519
1705,684,286,845,2035,730.0,1170,1958
685,1642,1380,438,227,1256.0,1685,377
1469,1185,187,501,0,781.0,1576,466
684,1201,1729,2027,411,940.0,756,580
109,1447,1352,896,1366,1166.0,1515,114
1931,55,1035,2007,684,1501.0,305,387
1201,79,636,1739,331,689.0,1217,120
656,308,241,696,553,1194.0,1559,1069
1800,1319,1748,1304,1867,1546.0,411,674
79,1235,1432,899,1791,929.0,435,209
797,892,441,523,1099,1469.0,1535,491
1910,175,1304,809,999,156.0,1363,709
1404,1939,1834,1351,1976,1248.0,1146,155
166,1905,698,610,389,1217.0,146,824
1882,1437,686,773,1682,1608.0,482,459
1634,740,873,1352,1774,1869.0,1820,1833
818,346,1108,1667,1615,1455.0,1837,24
820,1093,1759,1097,1194,583.0,1139,850
783,1167,503,934,941,977.0,1574,947
1668,734,1128,1315,805,894.0,1708,879
1474,969,738,1931,1357,144.0,774,1185
669,1527,1045,359,1668,357.0,1809,1974
1523,886,1782,449,1826,1051.0,326,0
1487,1465,95,885,634,1450.0,412,59
1190,1452,157,849,1031,1238.0,174,493
1626,1882,1933,1278,1418,155.0,1896,534
1223,1158,1533,1150,305,1896.0,1690,9
1314,1800,140,1951,661,563.0,657,92
948,96,1950,67,1925,1298.0,291,855
951,278,1867,289,1936,1105.0,1113,737
547,1483,1868,868,122,818.0,2007,1087
1234,1246,745,1126,1820,1806.0,856,144
1616,10,323,1271,2003,1530.0,1123,1287
1527,25,1899,72,1939,2030.0,626,1606
1867,1816,283,286,1708,336.0,197,239
1819,979,1997,1384,1553,732.0,1926,421
1884,443,2038,1452,921,166.0,361,870
32,1657,199,450,730,198.0,908,1846
836,1769,1642,1345,1873,1381.0,1680,888
2023,1574,1657,174,1910,685.0,1714,1162
581,1824,1734,549,954,1319.0,818,1246
1827,35,35,1154,993,709.0,1054,1569
527,1343,1908,388,779,455.0,1537,1318
1570,2039,1340,1922,2043,834.0,527,590
1194,1462,41,1474,694,1734.0,978,587
661,331,1502,166,1208,718.0,1568,1265
1492,798,485,1897,927,766.0,430,216
1607,1257,603,1229,878,1906.0,47,318
1193,277,388,478,1512,1186.0,1534,98
1146,390,285,1521,1954,524.0,1512,1830
184,112,1940,377,2014,797.0,1961,2018
1755,471,352,284,1094,962.0,1023,1844
1264,928,1343,704,416,59.0,573,2017
1688,460,1633,1235,1253,1303.0,577,1946
1258,1526,1328,27,631,2007.0,1691,1686
1537,1469,1177,1447,1890,1020.0,10,1342
1798,2043,201,1945,2028,1556.0,889,583
65,1413,1709,776,1188,1067.0,893,1167
2026,329,185,512,1691,308.0,1629,131
682,935,1761,1635,1292,1351.0,429,802
1182,1076,178,1062,393,1998.0,1275,681
1508,340,560,1225,276,1258.0,879,1565
799,1118,1078,575,702,859.0,1879,69
1592,1344,1705,499,465,1982.0,972,1297
1374,823,1404,1534,566,1883.0,491,431
679,1554,925,651,1169,672.0,1587,1234
1640,529,1540,339,1928,703.0,1195,1937
1878,1494,645,756,1170,699.0,731,1660
1519,535,1207,558,624,700.0,365,1353
317,1088,313,1166,1242,701.0,128,2019
929,597,57,1709,866,702.0,1253,1944
1044,482,334,1393,1696,704.0,77,1926
1330,583,521,1261,732,698.0,736,1248
1358,1166,122,1328,157,680.0,452,246
1529,657,1576,1149,254,697.0,359,278
71,1188,1907,245,395,696.0,271,334
170,719,1460,318,308,681.0,1749,532
376,1862,610,960,1973,682.0,556,1559
1979,1906,164,1002,625,683.0,700,1355
1951,1698,144,1643,880,679.0,1530,1354
2033,1981,1474,1734,420,705.0,895,837
1019,1998,1332,156,39,684.0,542,912
1401,303,68,1639,799,678.0,379,1223
1998,778,1791,369,129,686.0,463,188
362,857,1877,1467,206,687.0,1458,242
2018,70,1756,1954,2034,688.0,1774,1956
1722,1105,1212,1692,1283,677.0,1095,252
1664,62,15,1636,160,690.0,772,214
755,1647,482,399,1235,674.0,1544,1428
511,752,1703,269,1848,691.0,136,496
1014,1398,2007,1234,1630,673.0,263,1187
1721,1921,669,1728,1783,693.0,287,483
1272,1196,913,694,1141,695.0,608,482
1171,86,1127,308,7,2047.0,156,227
595,873,357,1039,218,720.0,1810,921
1098,1194,1440,235,972,706.0,1401,14
930,818,1335,497,429,707.0,528,523
512,1709,859,688,962,738.0,395,1791
498,1786,51,261,1279,740.0,886,1417
1261,1237,1451,266,1646,741.0,1905,1998
336,814,551,229,376,742.0,1911,5
304,2008,1835,918,1695,743.0,220,250
1622,1866,954,825,663,744.0,707,637
1251,825,652,1408,1020,745.0,976,1447
1600,895,1792,1862,531,746.0,434,1719
554,527,1437,674,1537,747.0,1351,465
100,156,1665,1653,1723,748.0,1683,864
1432,1264,133,1013,1146,749.0,513,1662
1271,129,1856,681,1638,750.0,141,1953
1683,271,583,730,843,751.0,737,1134
809,1295,438,675,685,752.0,66,13
1922,1495,213,1677,1395,753.0,1694,1289
2016,1935,909,1646,1185,754.0,1247,1578
1424,1873,1654,1049,1213,755.0,256,1725
657,1915,47,942,565,756.0,952,707
720,1159,773,140,382,757.0,330,138
1712,1399,1157,1647,150,759.0,786,1676
143,525,2044,1140,285,760.0,109,1361
1372,386,1537,1747,1635,737.0,1192,1169
292,1137,1116,656,214,736.0,18,507
2037,1729,1414,1770,717,735.0,404,1465
1221,1432,139,846,57,719.0,1449,1264
1862,493,109,1362,1759,708.0,420,25
1786,730,451,824,711,710.0,1418,874
562,190,1668,1611,229,711.0,88,122
1581,155,1685,327,1196,712.0,642,756
92,1732,1559,162,83,713.0,1913,1226
389,402,488,1038,1128,714.0,1867,639
1352,1,259,1608,259,715.0,1239,1537
1615,61,1900,1736,1426,716.0,1459,548
1071,2047,471,500,1384,717.0,1228,380
1686,68,29,491,1992,669.0,723,1117
1584,1061,1072,303,1559,733.0,1119,853
1035,343,418,43,1475,721.0,1213,805
1557,285,649,879,1538,722.0,357,453
1174,1688,510,1134,125,723.0,533,1480
219,777,355,244,1275,724.0,1719,454
576,1094,767,873,1251,725.0,450,962
964,1014,997,1455,1360,726.0,758,32
1740,553,1264,1197,678,727.0,198,1022
123,1096,1557,1469,1661,728.0,721,1205
1633,556,1769,1429,1391,729.0,585,198
553,1358,382,883,378,670.0,714,607
1710,253,1915,764,1556,654.0,715,1193
1591,502,1411,51,1187,668.0,716,330
1389,425,621,1472,1192,567.0,584,1056
1560,1887,1261,34,990,570.0,717,858
1928,1205,1,326,1852,571.0,718,1828
1075,790,411,199,1224,572.0,720,799
1177,1193,850,1631,1844,573.0,582,1794
2010,911,578,242,699,574.0,581,1972
740,1577,743,947,1557,575.0,722,1796
1479,876,755,565,1526,576.0,586,35
440,1301,1845,996,650,577.0,724,44
983,1296,1901,551,665,578.0,725,88
1451,1422,946,1826,292,579.0,726,1357
950,1294,1301,1927,1614,580.0,580,355
1980,1309,188,1361,1150,581.0,727,1684
1260,1310,548,323,910,584.0,579,521
1323,1305,1339,1228,647,585.0,728,285
1184,1423,1160,1157,651,586.0,713,1739
1695,1424,1579,658,573,587.0,622,1785
1517,1293,1922,1730,152,588.0,712,730
1947,1292,2020,1869,1380,589.0,590,1629
117,1425,1478,852,1379,591.0,694,338
1343,1291,1369,1819,1358,592.0,593,1921
962,1297,964,904,1378,593.0,592,1451
698,1298,497,787,1041,594.0,695,918
1284,1421,1280,1116,1021,595.0,696,1409
1996,1300,1265,2038,1093,597.0,697,1978
1102,1304,21,2031,1377,599.0,698,386
1499,1415,151,28,1376,569.0,699,688
1214,1420,166,74,1375,566.0,591,262
1309,1308,406,461,1381,601.0,701,1319
2034,1416,530,901,1369,564.0,729,365
593,1302,2009,979,1371,535.0,702,351
607,1303,1106,602,1079,536.0,589,828
761,1417,2043,1020,1042,537.0,703,506
1105,1419,1785,1835,1043,538.0,705,679
782,1418,1483,472,1373,539.0,706,150
195,1307,1327,1772,1091,540.0,588,768
281,1991,1951,987,1361,541.0,587,1460
141,1299,1103,2015,1364,542.0,708,409
1648,1290,1018,818,1365,543.0,710,181
967,1286,1884,12,1092,544.0,711,742
274,1427,906,344,1372,545.0,578,735
1762,1436,1690,1177,1367,546.0,730,736
1647,1272,58,997,1368,547.0,564,62
319,1271,772,630,1359,549.0,747,738
1824,1270,112,35,1370,550.0,563,739
909,1985,62,560,1123,552.0,562,740
1689,1269,1608,1320,1078,553.0,748,741
147,1984,638,1657,1077,554.0,749,744
695,1268,936,133,1076,556.0,750,732
953,1267,907,716,1337,557.0,751,745
574,1440,953,532,1335,558.0,752,747
693,1441,1142,737,1048,559.0,753,748
571,1442,1384,1989,1334,560.0,754,749
575,1443,608,1881,1333,561.0,755,61
696,1983,843,208,1332,562.0,16,750
694,1445,904,1112,1331,600.0,757,751
697,1446,1391,1080,1330,603.0,561,752
577,1266,594,1913,1338,667.0,759,753
572,1273,1028,1414,1329,637.0,560,754
573,1426,1450,529,1326,639.0,760,755
690,1435,1447,24,1325,640.0,762,734
579,1275,463,1628,1324,642.0,763,731
686,1289,816,2025,1323,643.0,746,58
590,1287,1067,1630,1049,644.0,565,720
589,1414,724,1874,1321,645.0,693,710
683,1992,972,1560,1320,647.0,745,711
587,1283,752,1765,1318,648.0,732,712
586,1282,845,595,1317,649.0,734,713
583,1281,1002,587,1316,650.0,576,714
582,1280,1643,700,1327,651.0,735,715
692,1279,1634,732,1044,652.0,575,716
687,1278,537,571,1339,653.0,574,717
688,1429,868,701,1340,763.0,571,718
689,1430,1223,589,1355,655.0,570,719
580,1431,1490,590,1354,656.0,738,721
569,1433,360,599,1353,657.0,739,63
691,1434,969,598,1352,658.0,740,722
570,1277,1115,591,1022,659.0,569,723
699,1276,1660,592,1095,660.0,568,724
568,1274,666,707,1351,661.0,741,725
708,1311,2030,597,1096,662.0,567,726
550,1367,1808,593,1350,663.0,742,65
709,1409,2026,706,1349,665.0,566,64
710,1352,656,702,1098,666.0,743,727
711,1351,344,705,1097,638.0,744,728
549,1350,315,594,1045,636.0,594,729
548,1349,1275,731,1347,604.0,691,60
546,1348,1151,703,1346,635.0,692,55
545,1380,1296,588,1345,605.0,614,757
713,1347,549,720,1046,606.0,616,50
544,1381,518,708,1344,607.0,643,789
715,1379,1764,709,1047,608.0,644,790
543,1382,1150,576,1343,610.0,645,791
716,1345,198,721,1342,611.0,646,792
717,1383,81,577,1341,612.0,647,793
541,1384,1469,718,1348,614.0,648,794
551,1385,1312,722,1382,615.0,650,795
552,1342,474,717,1392,616.0,615,797
567,1989,1237,724,1385,617.0,651,798
555,1386,1087,579,1453,618.0,660,51
566,1339,1138,574,1452,619.0,652,803
591,1346,1851,726,1034,620.0,653,67
565,1338,1187,715,1451,621.0,654,49
564,1378,1215,727,1450,623.0,613,804
700,1354,1661,728,1449,625.0,655,47
701,1366,984,580,1448,626.0,656,46
561,1987,670,581,1018,627.0,20,806
702,1365,519,582,1447,628.0,658,807
703,1364,1081,600,1454,629.0,612,808
559,1370,1960,729,1446,630.0,641,810
558,1988,70,583,1444,632.0,640,811
557,1362,1735,714,1443,633.0,639,813
706,1361,469,713,1442,634.0,617,788
707,1353,71,573,1441,761.0,621,786
556,1371,148,712,1440,788.0,624,784
681,1360,1050,584,1437,764.0,625,52
640,1374,1376,711,1436,897.0,22,758
680,1376,1370,710,1434,930.0,627,763
632,1377,1382,572,1433,931.0,628,764
629,1359,1051,719,1445,932.0,620,765
628,1357,1381,586,1019,933.0,629,766
653,1356,1372,585,1455,934.0,630,767
654,1265,1378,607,1457,935.0,631,769
627,1373,1371,698,1477,936.0,632,770
625,1412,1049,669,1476,938.0,633,771
655,1337,1375,639,1474,939.0,634,772
624,1335,1373,665,1473,941.0,635,773
623,1401,1126,666,1472,942.0,636,774
622,1323,1366,667,1471,944.0,637,775
621,1322,1334,638,1470,945.0,619,776
620,1321,1064,637,1469,948.0,618,777
619,1320,1336,668,1468,949.0,638,778
618,1402,1337,636,1456,950.0,659,779
617,1318,1338,663,1081,951.0,661,780
631,1403,1062,671,1467,952.0,623,782
634,1324,1341,673,1466,953.0,683,783
592,1317,1342,676,1465,954.0,676,53
652,1316,1058,677,1464,955.0,677,66
641,1315,1057,635,1463,956.0,17,706
642,1406,1344,633,1461,957.0,678,815
643,1314,1347,632,1083,958.0,679,78
644,1986,1348,664,1460,959.0,680,629
645,1368,1351,662,1458,928.0,600,630
638,1313,1368,697,1082,927.0,681,631
646,1312,1056,646,1431,926.0,682,632
637,1405,1354,734,1430,911.0,684,634
636,1336,1356,649,1429,899.0,662,80
647,1325,1357,652,1404,900.0,599,635
648,1397,1358,653,1402,901.0,685,636
649,1334,1359,648,1401,902.0,686,79
650,1387,1360,655,1400,903.0,597,638
635,1333,1361,647,1089,904.0,688,640
651,1332,1362,644,1037,905.0,596,627
659,1990,1055,661,1399,906.0,689,641
616,1330,1054,643,1398,907.0,595,642
615,1388,1053,657,1038,908.0,690,643
614,1389,1052,642,1405,910.0,601,644
671,1400,1363,641,1397,912.0,675,645
672,1390,1365,659,1090,925.0,603,646
600,1329,1353,640,1394,913.0,604,647
599,1393,1355,660,1393,914.0,663,648
673,1328,1406,631,1315,915.0,764,649
674,1394,1386,678,1390,917.0,611,650
675,1327,1444,679,1389,918.0,665,628
598,1395,1443,611,1388,919.0,610,81
676,1326,1442,618,1387,920.0,666,705
597,1396,1441,693,1386,921.0,667,614
596,1391,1029,616,1396,922.0,19,604
594,1355,1439,615,1087,923.0,609,605
677,1214,1438,614,1085,924.0,668,606
639,1262,1031,613,1406,960.0,607,83
678,1085,1436,612,1084,961.0,669,608
668,1084,1435,609,1428,963.0,670,609
601,1083,1434,629,1427,1010.0,671,610
602,1082,1433,608,1425,997.0,672,611
609,1081,1032,650,1423,998.0,606,612
613,1080,1431,606,1422,999.0,673,613
612,1079,1430,605,1421,1000.0,605,615
611,1078,1428,695,1420,1001.0,674,626
662,1077,1427,604,1419,1002.0,664,82
610,1074,1446,603,1035,1003.0,787,616
663,1073,1448,619,1417,1004.0,765,617
664,1071,1449,692,1036,1005.0,928,618
603,1070,1027,621,1416,1006.0,4,619
665,1069,1472,691,1415,1007.0,930,620
666,1068,1471,680,1414,1011.0,931,622
608,1067,1470,628,1413,994.0,932,623
606,1066,1467,682,1412,1012.0,933,624
605,1065,1465,683,1410,1013.0,934,625
604,1064,1464,684,1409,1014.0,935,651
633,1062,1463,627,1408,1015.0,936,652
2047,1060,1462,685,1407,1016.0,937,653
719,1059,1033,626,1383,1017.0,938,692
927,1058,1461,625,1314,1019.0,939,684
895,1086,1459,686,1033,1021.0,940,75
896,1057,1458,624,1050,1022.0,941,685
897,1087,1457,623,1201,2046.0,942,687
898,1090,1456,622,1200,1024.0,943,74
899,1120,1455,689,1199,995.0,944,73
901,1119,1452,690,1197,993.0,945,691
902,1117,1025,733,1195,964.0,946,72
903,1116,1026,1023,1112,979.0,947,71
904,1115,1024,735,1113,965.0,948,70
905,1114,1383,929,1064,967.0,949,693
906,1112,1426,914,1193,968.0,951,655
908,2003,1424,915,1114,969.0,953,694
910,1110,1041,916,1191,970.0,954,695
911,1109,1401,919,1189,971.0,955,696
912,1108,1400,920,1065,972.0,929,697
913,1107,1043,921,1186,973.0,927,698
914,1104,1399,923,1115,974.0,899,699
915,1103,1044,924,1184,975.0,926,700
916,1102,1398,925,1116,978.0,901,701
917,1101,1397,927,1183,980.0,902,68
920,1100,1396,928,1182,992.0,903,702
921,1099,1046,930,1181,981.0,904,683
923,1098,1395,736,1180,982.0,7,682
924,1097,1394,931,1063,983.0,905,76
925,1095,1048,932,1179,984.0,907,680
893,1092,1393,933,1202,985.0,6,656
892,1091,1392,935,1111,986.0,909,657
891,1089,1389,936,1222,987.0,910,658
877,1121,1388,937,1221,988.0,911,659
865,1056,1402,939,1220,989.0,912,660
866,1054,1403,940,1219,990.0,913,661
867,1026,1405,941,1218,991.0,914,662
868,1025,1407,943,1217,898.0,915,663
869,1024,1034,944,1216,896.0,916,664
870,1022,1036,913,1215,765.0,918,665
871,1021,1423,912,1214,895.0,919,666
872,1020,1422,911,1073,801.0,920,667
873,1019,1421,910,1212,803.0,921,668
874,1018,1420,877,1211,804.0,5,670
876,1017,1419,878,1029,805.0,922,671
878,1016,1417,880,1210,806.0,923,672
890,1015,1425,881,1209,807.0,924,673
879,1013,1416,882,1072,808.0,925,77
880,1012,1037,884,1207,809.0,956,675
881,1011,1413,886,1062,810.0,957,676
882,1010,1038,887,1206,811.0,958,678
883,2004,1039,888,1205,812.0,959,814
884,1008,1410,889,1204,813.0,994,816
885,1007,1040,890,1203,815.0,995,602
886,1006,1409,891,1177,816.0,996,961
887,1005,1408,892,1176,817.0,998,950
888,1003,1415,893,1175,819.0,999,951
889,1002,1333,894,1149,820.0,1000,952
926,1001,1302,895,1148,822.0,1001,954
928,1027,1331,897,1121,823.0,1002,955
862,1055,1200,898,1147,824.0,1003,956
931,1028,1199,900,1145,825.0,1005,957
974,1030,1197,903,1144,826.0,1006,958
975,1053,1195,906,1143,827.0,1007,959
976,1052,1191,907,1142,828.0,1008,960
978,1051,1190,909,1032,829.0,1009,6
979,1050,1189,945,1137,800.0,1010,7
980,1049,1188,946,1136,799.0,1011,963
981,1048,1099,948,1135,798.0,1012,965
984,1047,1186,981,1134,780.0,1014,966
985,1046,1184,983,1133,767.0,1015,968
987,1045,1183,984,1132,768.0,1016,969
988,1044,1182,985,1131,769.0,1017,970
989,1043,1180,986,1070,770.0,1019,4
990,1042,1179,988,1130,772.0,1021,971
992,1041,1100,989,1127,774.0,1022,972
994,1040,1178,992,1126,775.0,2046,973
995,1039,1176,993,1125,776.0,993,949
996,1038,1175,994,1069,777.0,1,945
997,1037,1201,995,1151,778.0,992,975
998,1036,1174,1000,1155,779.0,2,933
999,1035,1098,1001,1071,782.0,960,922
1000,1034,1203,1003,1174,796.0,962,923
1001,1033,1093,1004,1173,783.0,964,924
1002,1032,1224,1005,1172,784.0,965,926
1003,1031,1220,1006,1171,785.0,967,927
1004,1029,1219,1007,1117,786.0,970,928
973,1122,1218,1008,1118,787.0,971,929
971,1123,1217,1009,1119,533.0,3,930
970,1124,1216,1010,1168,789.0,973,931
946,1223,1094,1011,1167,790.0,974,932
932,1222,1214,1014,1166,792.0,975,934
933,1220,1213,1015,1223,793.0,979,944
934,1219,1095,982,1165,794.0,991,935
935,1218,1211,978,1164,830.0,980,936
936,1217,1210,949,1163,831.0,981,8
937,1216,1209,977,1162,832.0,982,937
938,1215,1208,950,1161,880.0,983,938
941,1213,1096,951,1159,865.0,984,939
942,1212,1097,952,1068,866.0,985,940
944,1211,1205,954,1157,867.0,986,941
945,1210,1204,955,1120,868.0,987,942
947,1209,1202,956,1030,869.0,988,943
968,1208,1225,957,1156,870.0,989,974
949,1207,1105,958,1067,872.0,990,976
954,1206,1172,959,1225,873.0,900,817
955,1994,1146,961,1226,874.0,8,1016
956,1203,1145,962,1227,876.0,766,1005
958,1202,1144,963,1291,878.0,801,1006
959,1200,1143,964,1289,881.0,803,1007
960,1199,1140,965,1104,863.0,805,1008
961,1198,1137,966,1288,882.0,806,1010
963,1197,1136,967,1287,883.0,807,1011
965,1224,1135,968,1286,884.0,808,1012
966,1192,1119,969,1285,885.0,809,1013
864,1225,1134,971,1284,886.0,810,1014
861,1229,1120,972,1105,887.0,811,1015
721,1261,1121,973,1282,889.0,812,1017
786,1260,1122,974,1080,890.0,814,1003
756,1259,1124,975,1280,891.0,815,1018
757,1258,1133,876,1075,892.0,816,1019
758,1256,1132,875,1278,893.0,817,1020
759,1255,1131,874,1106,864.0,13,1021
760,1254,1125,770,1277,862.0,819,1
539,1252,1130,772,1276,833.0,820,2046
762,1251,1147,774,1055,847.0,821,1024
763,1250,1173,775,1274,835.0,822,1025
764,1249,1148,777,1273,836.0,823,1026
766,1247,1149,780,1272,837.0,825,1027
767,1245,1171,781,1054,839.0,826,1004
768,1244,1170,782,1294,840.0,12,2
769,1242,1168,783,1295,841.0,827,977
770,1241,1167,784,1296,842.0,828,3
772,1240,1166,785,1312,843.0,829,978
773,1239,1165,786,1311,844.0,14,979
774,1238,1107,788,1310,845.0,800,982
775,1236,1162,790,1100,846.0,898,983
776,1993,1109,791,1101,848.0,798,984
777,1232,1159,792,1309,861.0,767,985
778,1230,1111,793,1051,849.0,768,986
779,1227,1156,794,1308,850.0,769,987
780,1996,1155,796,1124,851.0,773,988
781,1190,1154,797,1102,852.0,15,989
784,1189,1112,798,1271,853.0,775,990
754,1150,1113,799,1306,854.0,776,1002
753,1149,1153,800,1304,855.0,778,991
750,1148,1114,801,1303,856.0,779,992
734,1147,1152,771,1103,857.0,780,993
722,1146,1118,767,1302,858.0,781,994
724,1145,1065,804,1301,860.0,782,995
725,1144,1226,766,1024,534.0,783,996
726,2001,1228,738,1300,517.0,784,997
727,1142,1129,739,1299,532.0,785,998
728,1141,1300,740,1298,183.0,558,1000
729,1140,1299,741,1297,171.0,789,1001
730,1139,1298,742,1305,172.0,790,10
731,1136,1297,744,1313,173.0,791,920
732,1134,1074,745,1270,174.0,792,11
733,1133,1294,746,1268,175.0,793,36
735,1132,1293,747,1059,176.0,794,842
749,1131,1290,748,1107,177.0,795,843
736,1130,1289,749,1241,178.0,796,845
737,1129,1288,751,1240,179.0,797,38
738,1128,1075,753,1239,180.0,830,846
739,1127,1077,754,1108,181.0,831,848
741,1126,1287,755,1238,182.0,832,849
743,1125,1284,757,1109,184.0,833,37
744,1151,1283,758,1237,135.0,867,851
745,2000,1282,759,1236,185.0,868,852
746,1153,1279,760,1074,186.0,869,854
747,1154,1080,761,1234,187.0,870,840
748,1187,1303,762,1110,188.0,871,34
785,1186,1278,763,1028,189.0,872,33
788,1997,1073,765,1060,190.0,873,857
860,1182,1306,803,1233,191.0,9,31
789,1181,1330,806,1232,192.0,874,30
830,1180,1329,872,1061,193.0,876,859
831,1179,1068,839,1231,194.0,877,860
832,1177,1326,842,1230,195.0,878,861
833,1175,1323,843,1229,196.0,880,862
834,1174,1321,844,1243,170.0,881,29
835,1173,1320,847,1244,169.0,882,841
837,1263,1069,848,1245,168.0,883,839
838,1172,1070,850,1246,167.0,884,919
839,1999,1318,851,1267,138.0,885,827
840,1169,1317,853,1266,139.0,887,45
841,1168,1071,854,1265,140.0,890,818
842,1165,1315,855,1264,141.0,891,820
843,1164,1313,856,1263,142.0,892,821
845,1163,1311,857,1262,143.0,894,822
846,1162,1310,858,1261,145.0,896,823
847,1161,1309,859,1260,146.0,897,43
848,1157,1308,860,1056,147.0,866,825
849,1156,1307,861,1259,148.0,865,42
850,1155,1305,862,1269,149.0,864,826
851,1171,1227,863,1057,150.0,847,41
853,1448,1277,864,1026,151.0,834,838
854,1487,1274,866,1256,152.0,835,40
857,1982,1247,867,1255,153.0,836,829
858,1794,1246,869,1254,154.0,837,830
859,1793,1245,870,1058,157.0,838,831
829,1792,1243,841,1252,158.0,839,832
828,1790,1473,838,1478,159.0,841,833
827,1789,1089,807,1249,160.0,842,834
808,1788,1241,837,1248,161.0,843,835
790,1787,1239,808,1247,162.0,844,836
791,1785,1238,810,1258,163.0,845,39
793,1784,1090,811,1281,164.0,848,863
794,1783,1091,812,1529,165.0,863,28
796,1782,1092,813,1480,197.0,849,26
800,1795,1236,814,1864,199.0,850,906
802,1970,1235,815,1862,200.0,851,892
803,1779,1234,816,1861,234.0,852,894
804,1778,1233,817,1860,236.0,853,895
806,1777,1232,819,1859,237.0,854,896
807,1776,1231,820,1858,238.0,857,897
810,1775,1229,821,1857,239.0,858,898
826,1773,1248,822,1856,240.0,860,899
811,1971,1276,823,1855,241.0,861,901
812,1771,1249,826,1854,242.0,862,903
813,1770,1251,827,1853,243.0,559,905
814,1768,1273,829,1865,244.0,65,907
815,1767,1272,830,1851,245.0,557,865
816,1780,1271,831,1849,246.0,250,908
819,1766,1082,833,1846,247.0,224,911
821,1796,1270,834,1845,248.0,225,16
822,1798,1083,835,1843,249.0,226,15
824,1827,1269,836,1842,250.0,227,913
825,1826,1268,789,1841,251.0,228,914
540,1825,1085,509,1839,252.0,229,915
491,1966,1086,570,1838,253.0,53,916
538,1822,1266,210,1836,254.0,231,917
173,1821,1262,178,1835,255.0,232,12
175,1967,1260,179,1834,256.0,233,891
176,1819,1259,180,1850,257.0,234,890
177,1818,1258,181,1866,258.0,235,889
178,1968,1256,183,1870,259.0,237,17
179,1815,1255,184,1871,261.0,238,866
180,1797,1088,185,1903,235.0,239,867
181,1814,1252,186,1902,233.0,240,868
182,1812,1250,187,1901,201.0,52,23
183,1811,1242,188,1899,231.0,241,871
185,1810,0,190,1897,202.0,242,872
186,1809,1476,191,1896,203.0,243,873
187,1807,1860,192,1895,204.0,244,22
188,1806,1859,193,1894,205.0,245,875
189,1805,1858,194,1893,206.0,246,876
190,1804,1857,196,1892,207.0,247,877
191,1803,1855,197,1891,208.0,248,878
192,1802,1854,198,1889,209.0,223,21
193,1799,1852,200,1888,210.0,222,20
196,1969,1850,201,1886,211.0,219,880
197,1765,1849,202,1885,212.0,205,19
198,1764,1848,203,1884,213.0,192,881
199,1763,1847,205,1882,214.0,193,882
200,1731,1846,206,1881,215.0,194,886
201,1730,1844,207,1880,216.0,195,887
202,1727,1843,177,1879,217.0,196,18
174,1726,1841,176,1878,218.0,55,603
172,1725,1840,175,1877,219.0,199,599
204,1724,1839,154,1876,221.0,200,601
171,1723,1838,141,1874,222.0,201,321
138,1722,1833,142,1872,223.0,203,311
139,1721,1832,143,1833,225.0,204,312
140,1720,1831,144,1832,226.0,206,151
142,1719,1830,145,1831,228.0,218,313
144,1733,1829,147,1830,230.0,207,314
145,1718,1861,148,1794,136.0,208,315
146,1716,1828,149,1793,134.0,209,316
149,1715,1862,150,1792,531.0,211,149
150,1714,1866,152,1790,50.0,212,319
151,1713,1902,153,1789,37.0,54,320
152,1712,1898,155,1788,38.0,213,322
153,1711,1897,172,1787,39.0,214,309
154,1710,1896,157,1786,40.0,215,324
155,1708,1895,158,1785,42.0,216,325
156,1707,1894,159,1784,43.0,217,326
157,1706,1893,161,1782,44.0,249,327
159,1705,1892,164,1781,45.0,251,328
160,1717,1891,165,1780,46.0,190,329
161,1734,1890,167,1777,47.0,252,148
162,1735,1889,168,1776,48.0,284,331
163,1736,1888,169,1775,49.0,285,332
164,1972,1887,170,1773,51.0,286,333
165,1761,1886,171,1772,133.0,288,310
167,1760,1883,209,1770,52.0,289,308
168,1759,1882,213,1769,53.0,290,335
203,1758,1881,138,1768,54.0,50,294
205,1757,1878,214,1767,55.0,292,284
135,1756,1876,250,1766,56.0,49,153
238,1754,1875,251,1765,57.0,293,286
241,1753,1872,252,1764,60.0,294,287
242,1752,1870,253,1795,61.0,295,288
243,1751,1869,254,1904,62.0,296,289
245,1750,1864,256,1796,63.0,297,290
246,1749,1903,257,1798,64.0,298,291
247,1748,1827,258,1829,65.0,299,292
248,1747,1825,259,1828,36.0,300,293
249,1746,1788,260,1827,35.0,301,295
250,1745,1787,262,1825,34.0,302,307
251,1744,1786,263,1824,33.0,303,297
252,1743,1784,264,1823,1.0,304,298
253,1742,1783,265,1822,3.0,48,152
255,1741,1781,267,1821,6.0,306,299
256,1740,1780,268,1819,7.0,307,300
258,1739,1779,270,1818,8.0,308,302
259,1738,1778,272,1816,9.0,283,303
260,1737,1777,273,1815,10.0,282,304
261,1828,1776,274,1814,11.0,281,305
262,1830,1775,275,1812,12.0,265,306
263,1831,1774,276,1811,13.0,253,147
264,1832,1773,277,1810,14.0,254,336
265,1926,1772,278,1808,15.0,255,182
266,1925,1771,279,1807,16.0,257,374
267,1924,1770,249,1806,17.0,258,364
268,1923,1766,248,1805,18.0,259,137
240,1922,1765,247,1803,19.0,260,366
237,1920,1763,227,1802,22.0,261,367
206,1919,1762,215,1801,23.0,51,368
236,1918,1760,216,1800,24.0,262,369
207,1917,1758,217,1799,25.0,264,370
208,1916,1789,218,1797,26.0,266,371
209,1914,1826,219,1905,27.0,280,372
210,1964,1790,220,1906,29.0,267,373
211,1913,1794,221,1908,30.0,269,136
212,1911,1822,222,2010,31.0,270,139
213,1910,1821,223,2009,67.0,272,135
214,1909,1820,224,2008,68.0,273,378
215,1908,1819,226,2007,69.0,274,134
216,1907,1818,228,2006,103.0,275,379
217,1904,1817,246,2005,105.0,276,133
218,1903,1816,230,2002,106.0,277,381
220,1902,1815,231,2001,107.0,278,382
221,1901,1814,232,2000,108.0,279,384
222,1900,1813,233,1999,109.0,191,385
223,1898,1812,234,1998,110.0,189,132
224,1912,1810,236,1997,111.0,555,363
225,1928,1809,237,1996,113.0,123,362
226,1929,1807,238,1995,115.0,96,146
227,1930,1806,239,1994,117.0,97,350
228,1960,1804,240,1993,118.0,98,340
230,1959,1802,241,1991,119.0,99,341
233,1958,1801,139,1990,120.0,100,342
234,1957,1800,137,1989,121.0,63,343
235,1955,1799,569,1988,122.0,101,344
137,1953,1798,69,1987,123.0,102,345
134,1952,1797,39,1986,124.0,103,346
270,1951,1795,40,1985,125.0,104,347
31,1950,1793,41,1984,126.0,105,348
34,1948,1904,42,1983,127.0,106,349
35,1947,1905,44,2011,128.0,107,143
36,1946,1906,45,1981,129.0,108,361
37,1945,2005,46,2012,130.0,110,352
38,1944,2004,47,2015,131.0,111,353
39,1943,2003,48,2045,132.0,112,142
40,1942,2002,49,2044,104.0,113,354
41,1963,2001,50,2042,102.0,114,141
42,1940,2000,52,2041,70.0,115,140
43,1938,1999,53,2040,99.0,116,356
44,1937,1998,54,2039,71.0,117,357
45,1936,1996,55,2038,72.0,118,359
46,1934,1995,56,2037,74.0,119,360
47,1933,1994,57,2036,75.0,122,283
50,1932,1993,58,2033,76.0,95,282
51,1931,1991,60,2032,77.0,94,281
53,1897,1990,61,2031,78.0,93,217
54,1704,1989,62,2030,79.0,79,175
55,1896,1987,63,2029,80.0,67,208
56,1894,1986,64,2027,81.0,68,174
57,1858,1985,65,2026,82.0,69,173
58,1965,1983,66,2024,83.0,70,210
59,1856,1982,38,2023,84.0,71,211
60,1855,1981,37,2022,85.0,72,212
61,1854,1980,36,2021,87.0,73,213
33,1853,1979,13,2020,89.0,74,172
29,1852,2006,1,2019,90.0,75,171
63,1851,1978,2,2018,91.0,76,218
27,1850,2010,3,2017,92.0,78,205
1,1848,2012,4,2016,93.0,80,219
2,1847,2045,5,2013,94.0,92,220
3,1859,2042,6,1762,95.0,81,221
4,1846,2041,7,1980,96.0,82,222
6,1844,2040,8,1978,97.0,83,223
7,1843,2039,9,1943,98.0,84,224
8,1842,2037,10,1942,262.0,85,225
9,1841,2036,11,1940,264.0,86,226
10,1840,2035,14,1938,265.0,87,170
11,1839,2034,33,1937,448.0,64,228
12,1838,2033,15,1935,434.0,89,207
13,1836,2032,16,1934,435.0,90,176
14,1835,2029,17,1933,436.0,91,280
15,1834,2027,18,1932,437.0,62,179
16,1833,2025,19,1931,438.0,124,183
17,1845,2024,22,1930,439.0,187,184
18,1860,2023,25,1929,441.0,125,185
19,1861,2021,26,1927,442.0,161,186
20,1863,2019,29,1926,443.0,162,187
21,1893,2018,30,1924,445.0,163,180
22,1892,2017,32,1923,446.0,164,189
23,1891,2016,68,1921,447.0,165,190
24,1890,2015,70,1919,449.0,166,191
25,1889,2013,136,1918,266.0,167,192
26,1888,2011,71,1916,450.0,168,193
62,1886,1977,108,1915,451.0,169,204
64,1885,1976,109,1913,452.0,170,178
133,1884,1975,110,1912,453.0,171,194
102,1881,1939,111,1911,454.0,172,196
104,1880,1937,112,1909,456.0,173,197
105,1879,1935,113,1944,457.0,57,177
106,1878,1934,114,1979,458.0,175,199
107,1877,1932,115,1945,459.0,176,200
108,1876,1931,116,1947,460.0,177,201
110,1875,1930,117,1977,461.0,178,202
111,1874,1929,118,1975,463.0,179,203
112,1872,1928,119,1974,433.0,180,229
113,1871,1927,120,1972,431.0,181,230
114,1870,1926,121,1971,430.0,182,231
115,1869,1925,122,1970,429.0,183,267
116,1868,1924,123,1969,403.0,184,158
119,1867,1921,124,1968,404.0,185,258
120,1865,1920,125,1967,405.0,160,259
121,1864,1919,127,1966,406.0,159,260
122,1895,1918,128,1965,407.0,158,261
124,1703,1917,130,1964,408.0,140,157
125,1702,1916,131,1963,409.0,126,263
126,1701,1914,132,1962,410.0,127,264
127,1543,1912,134,1961,411.0,129,265
128,1542,1911,135,1960,412.0,130,266
129,1541,1909,107,1959,413.0,131,268
130,1540,1941,106,1958,415.0,133,232
131,1539,1942,104,1957,416.0,134,270
132,1538,1943,87,1955,417.0,135,271
103,1537,1944,75,1953,418.0,137,272
99,1536,1974,76,1952,419.0,138,273
66,1535,1973,77,1950,420.0,139,274
98,1534,1972,78,1949,421.0,142,275
67,1533,1971,79,1948,422.0,157,276
68,1544,1970,80,1946,423.0,61,277
69,1532,1969,81,1479,424.0,144,154
70,1530,1968,82,1761,425.0,145,279
72,1529,1966,83,1758,426.0,60,255
73,1528,1965,85,1586,427.0,59,254
74,1525,1964,86,1584,428.0,149,253
75,1524,1962,88,1582,464.0,150,159
77,1523,1757,103,1581,465.0,58,233
78,1522,1959,89,1579,468.0,152,234
80,1521,1957,90,1578,501.0,153,235
81,1520,1956,91,1577,503.0,154,236
82,1519,1955,92,1575,504.0,309,237
84,1518,1954,94,1574,505.0,310,238
85,1531,1953,95,1573,506.0,311,169
87,1545,1952,97,1572,507.0,500,241
88,1979,1949,98,1587,508.0,471,168
89,1547,1948,99,1571,509.0,472,166
90,1578,1947,101,1569,511.0,474,165
91,1575,1946,102,1568,512.0,475,164
93,1573,1945,280,1567,513.0,477,244
94,1572,1958,283,1566,514.0,32,163
95,1571,1755,285,1565,515.0,478,245
96,1570,1754,495,1564,516.0,479,162
97,1569,1753,463,1563,1026.0,480,247
269,1568,1578,464,1562,518.0,481,249
271,1567,1577,465,1555,519.0,31,161
537,1566,1574,466,1554,520.0,484,160
441,1978,1573,467,1552,521.0,485,251
444,1564,1572,468,1570,522.0,486,130
445,1563,1569,469,1588,523.0,30,388
447,1562,1567,470,1589,525.0,487,389
448,1561,1565,471,1590,527.0,488,537
449,1559,1564,473,1619,528.0,489,526
450,1558,1563,474,1618,529.0,490,527
451,1557,1562,476,1617,530.0,492,528
452,1556,1561,477,1616,502.0,493,529
453,1555,1560,479,1613,500.0,494,530
454,1553,1558,480,1612,469.0,495,99
455,1552,1556,481,1611,498.0,496,533
456,1551,1555,482,1610,470.0,497,97
457,1549,1554,484,1609,471.0,33,536
458,1548,1553,485,1608,472.0,470,96
459,1517,1552,486,1607,473.0,35,538
460,1579,1551,487,1606,475.0,451,525
461,1516,1550,488,1605,476.0,438,539
463,1514,1548,489,1604,477.0,439,540
464,1478,2046,492,1603,478.0,440,541
465,1477,1580,493,1602,479.0,442,542
466,1476,1547,462,1601,480.0,443,543
467,1475,1581,460,1600,481.0,444,544
468,1474,1584,459,1599,482.0,445,545
469,1473,1609,441,1597,483.0,446,546
470,1472,1607,427,1595,484.0,447,547
443,1471,1606,428,1594,485.0,448,95
439,1470,1605,429,1593,486.0,449,100
472,1468,1604,430,1592,487.0,453,101
438,1467,1603,432,1591,488.0,469,499
413,1479,1602,433,1551,490.0,454,510
414,1466,1601,434,1549,491.0,455,501
415,1463,1600,435,1548,492.0,456,502
416,1461,1599,436,1547,493.0,457,503
417,1460,1598,437,1508,494.0,459,504
418,1459,1596,440,1507,495.0,460,505
419,1458,1595,442,1506,496.0,461,1029
420,1457,1594,458,1505,401.0,464,104
421,1456,1593,443,1504,400.0,466,103
422,1455,1592,445,1503,399.0,467,508
423,1454,1591,446,1502,298.0,468,509
424,1453,1590,447,1501,300.0,498,511
425,1451,1589,448,1500,301.0,501,522
426,1464,1588,451,1498,302.0,312,512
427,1480,1587,452,1496,303.0,502,513
428,1481,1586,453,1495,306.0,24,514
429,1482,1585,454,1494,307.0,23,515
430,1513,1582,456,1493,309.0,529,516
431,1512,1546,457,1492,310.0,530,517
432,1510,1545,494,1491,312.0,531,518
433,1509,1544,496,1490,313.0,532,519
434,1508,1506,287,1489,314.0,534,520
435,1507,1505,503,1487,315.0,535,102
436,1506,1501,537,1486,316.0,536,549
437,1505,1500,538,1485,317.0,537,551
471,1504,1499,539,1484,320.0,538,552
473,1503,1497,540,1483,321.0,539,589
411,1502,1496,541,1482,323.0,540,581
504,1501,1495,542,1481,324.0,541,582
506,1980,1494,543,1509,325.0,543,91
507,1499,1493,544,1620,326.0,544,90
508,1498,1492,545,1511,328.0,546,584
509,1496,1491,546,1514,330.0,547,585
510,1492,1489,548,1546,331.0,548,586
514,1491,1488,550,1544,333.0,549,89
515,1490,1487,552,1543,334.0,550,588
516,1489,1486,553,1542,299.0,551,87
517,1488,1485,554,1541,297.0,552,86
518,1000,1484,555,1540,337.0,553,553
519,1486,1482,556,1536,296.0,554,591
520,1485,1481,557,1535,267.0,526,592
522,1484,1480,559,1534,268.0,525,593
523,1515,1479,561,1533,270.0,25,85
525,1449,1477,562,1532,271.0,511,594
526,1580,1507,564,1531,272.0,503,595
528,1582,1508,566,1530,273.0,504,596
529,1668,1510,567,1017,274.0,505,84
530,1667,1512,568,1528,275.0,506,597
531,1666,1543,536,1527,276.0,507,598
532,1665,1542,535,1525,277.0,1026,93
533,1664,1541,534,1524,278.0,508,579
534,1663,1539,516,1523,281.0,28,578
535,1662,1536,504,1522,282.0,27,577
536,1661,1535,505,1521,283.0,509,554
505,1660,1534,506,1520,284.0,510,555
503,1658,1532,507,1519,285.0,512,556
474,1656,1531,508,1518,286.0,524,557
502,1669,1530,1017,1516,287.0,514,558
475,1655,1528,510,1513,289.0,515,559
476,1653,1610,511,1621,290.0,516,560
478,1652,1526,513,1622,291.0,517,561
479,1651,1524,514,1623,292.0,26,562
480,1650,1523,515,1727,293.0,518,565
481,1649,1522,517,1726,294.0,519,566
482,1648,1521,533,1724,295.0,520,567
483,1646,1520,519,1722,335.0,521,94
484,1645,1519,520,1721,338.0,522,568
485,1644,1517,521,1720,398.0,523,569
486,1643,1516,522,1719,369.0,437,570
487,1641,1515,524,1718,371.0,436,571
488,1654,1514,525,1717,372.0,36,572
489,1670,1513,526,1716,373.0,433,573
490,1671,1525,527,1714,374.0,343,574
1006,1672,1475,528,1713,375.0,344,576
492,1700,1611,530,1711,376.0,345,500
493,1973,1613,531,1710,377.0,346,498
494,1697,1716,426,1709,378.0,347,390
495,1696,1715,424,1706,380.0,348,432
496,1695,1714,423,1705,381.0,349,420
497,1694,1712,422,1704,382.0,350,128
499,1974,1711,322,1702,383.0,351,422
500,1691,1710,324,1701,384.0,352,423
501,1690,1708,325,1700,385.0,353,424
412,1689,1707,328,1699,386.0,43,425
409,1687,1704,329,1698,387.0,354,427
272,1686,1702,330,1697,388.0,355,429
308,1685,1701,331,1694,390.0,358,430
310,1684,1699,332,1728,391.0,42,127
311,1683,1698,333,1693,392.0,360,433
312,1682,1696,334,1729,393.0,41,418
313,1681,1695,335,1731,394.0,40,434
314,1680,1694,336,1757,395.0,362,435
315,1679,1693,337,1756,396.0,363,436
316,1678,1692,340,1755,397.0,364,126
318,1677,1691,341,1754,370.0,366,437
320,1676,1689,343,1753,368.0,367,438
321,1675,1688,345,1752,339.0,368,440
322,1674,1687,346,1751,367.0,342,441
323,1673,1686,347,1749,340.0,341,443
324,1640,1717,348,1748,341.0,340,444
325,1581,1684,349,1747,342.0,325,419
326,1639,1718,350,1746,343.0,313,417
327,1637,1723,351,1745,344.0,314,497
328,1606,1752,352,1744,345.0,315,402
329,1605,1751,353,1743,346.0,316,391
330,1604,1750,320,1742,347.0,317,392
332,1603,1749,319,1741,348.0,318,393
333,1602,1747,317,1740,349.0,320,394
335,1601,1746,301,1739,350.0,321,395
337,1600,1745,288,1738,351.0,322,396
338,1599,1744,290,1737,352.0,323,398
339,1976,1742,291,1736,353.0,324,399
309,1597,1741,292,1735,354.0,46,400
307,1596,1740,293,1734,355.0,339,401
343,1607,1739,294,1733,356.0,327,403
306,1595,1737,295,1732,358.0,328,416
273,1593,1736,296,1730,359.0,329,404
275,1592,1733,297,1760,360.0,331,406
276,1591,1732,298,1692,361.0,45,407
277,1590,1731,299,1689,362.0,332,408
278,1589,1730,302,1654,363.0,333,410
279,1588,1728,316,1653,365.0,334,411
280,1587,1727,304,1652,366.0,337,129
282,1586,1726,305,1651,1025.0,338,413
285,1585,1725,306,1650,1023.0,44,414
286,1584,1724,307,1649,1027.0,369,415
287,1583,1720,309,1648,1699.0,370,445
288,1977,1683,310,1647,1686.0,371,447
289,1608,1682,311,1645,1687.0,416,448
290,1609,1681,312,1644,1688.0,403,485
291,1610,1644,313,1643,1690.0,405,475
293,1636,1641,314,1642,1691.0,406,115
294,1635,1639,315,1641,1692.0,407,476
295,1633,1638,354,1640,1693.0,408,477
296,1632,1637,355,1639,1694.0,409,478
297,1631,1636,356,1637,1695.0,410,113
300,1630,1635,405,1636,1696.0,39,479
301,1629,1632,393,1634,1697.0,38,480
302,1628,1631,394,1631,1698.0,414,111
303,1627,1630,395,1629,1700.0,415,110
305,1626,1629,396,1628,1520.0,417,109
340,1625,1628,397,1627,1701.0,401,449
344,1624,1627,398,1626,1702.0,418,486
408,1623,1626,400,1625,1703.0,419,487
380,1622,1625,401,1624,1704.0,421,488
382,1975,1624,402,1655,1705.0,422,489
383,1620,1623,403,1690,1706.0,423,490
384,1619,1622,404,1656,1707.0,424,108
385,1618,1621,406,1659,1708.0,427,492
386,1617,1619,391,1688,1709.0,428,107
387,1616,1617,407,1687,1710.0,37,495
388,1615,1616,409,1686,1711.0,431,105
390,1614,1614,410,1685,1712.0,432,474
391,1613,1645,412,1684,1685.0,402,473
392,1612,1646,413,1683,1683.0,400,472
393,1611,1647,414,1681,1682.0,372,470
394,1638,1648,415,1680,1681.0,385,450
395,998,1679,416,1679,1654.0,373,451
396,1962,1678,417,1678,1655.0,374,452
397,996,1677,418,1677,1656.0,375,125
398,362,1676,421,1676,1657.0,376,124
399,360,1675,392,1675,1658.0,377,455
400,358,1674,390,1674,1660.0,378,456
401,357,1673,357,1673,1661.0,380,457
402,356,1672,372,1672,1662.0,381,123
403,355,1671,358,1671,1663.0,382,458
404,354,1670,360,1670,1664.0,383,119
405,353,1669,361,1669,1665.0,384,460
406,352,1612,362,1667,1666.0,386,461
407,351,1667,363,1666,1667.0,399,462
381,350,1664,364,1665,1668.0,387,463
379,363,1663,365,1664,1669.0,388,118
345,349,1662,366,1663,1670.0,389,117
375,345,1659,367,1662,1671.0,390,116
346,2031,1658,368,1657,1672.0,391,467
347,342,1656,371,1016,1673.0,392,468
348,341,1655,373,2047,1674.0,393,469
349,339,1652,389,1014,1675.0,394,1028
350,338,1651,375,373,1676.0,396,2047
351,337,1650,376,372,1677.0,397,1030
352,336,1649,378,371,1679.0,398,1677
354,335,1666,379,370,1680.0,1024,1661
355,334,1022,380,369,1713.0,2047,1663
356,333,2047,382,368,1714.0,1529,1664
357,348,1020,383,367,1715.0,1681,1665
358,364,478,384,366,1747.0,1668,1667
359,365,477,385,365,1750.0,1669,1668
360,366,476,386,364,1751.0,1670,1669
361,394,475,387,363,1752.0,1671,1670
363,393,473,1016,361,1753.0,1672,1671
364,392,472,0,360,1754.0,1673,1673
366,391,108,1018,359,1755.0,1674,1674
367,389,468,1764,358,1756.0,1675,1675
368,388,467,1662,357,1757.0,1676,1678
369,385,110,1663,356,1758.0,1677,1625
371,384,465,1664,355,1759.0,1678,1679
372,383,464,1665,354,1760.0,1679,1680
373,382,111,1666,352,1761.0,1682,1681
374,381,461,1668,351,1762.0,1666,1682
1005,380,460,1669,350,1763.0,1684,1683
1023,379,459,1670,349,1764.0,1686,1685
1511,378,458,1671,348,1765.0,1687,1687
1652,377,457,1672,347,1766.0,1688,1688
1654,376,456,1674,375,1767.0,1689,1689
1655,375,454,1676,346,1768.0,1692,1690
1656,374,453,1678,377,1769.0,1693,1691
1659,373,479,1679,380,1770.0,1695,1692
1660,372,452,1680,413,1771.0,1696,1659
1661,371,480,1681,412,1772.0,1697,1658
1662,370,483,1683,410,1773.0,1698,1657
1663,369,509,1684,409,1775.0,1699,1656
1665,368,508,1685,408,1749.0,1667,1627
1666,367,507,1686,407,1746.0,1665,1628
1667,332,505,1687,406,1716.0,1701,1630
1669,2032,504,1688,405,1745.0,1649,1631
1670,328,103,1689,404,1717.0,1634,1632
1671,327,501,1690,403,1718.0,1635,1633
1672,294,500,1693,402,1719.0,1636,1634
1673,291,499,1661,401,1720.0,1637,1635
1674,290,496,1660,400,1721.0,1638,1636
1675,289,495,1658,399,1722.0,1639,1637
1676,288,494,1634,397,1723.0,1640,1638
1677,287,493,1618,396,1724.0,1641,1639
1678,286,492,1619,394,1725.0,1642,1640
1679,283,104,1620,392,1726.0,1644,1641
1680,282,490,1621,391,1729.0,1645,1642
1681,281,489,1622,390,1730.0,1648,1643
1682,280,105,1624,388,1731.0,1650,1644
1653,279,487,1625,386,1732.0,1664,1645
1651,276,484,1626,385,1733.0,1651,1646
1687,274,107,1627,383,1735.0,1652,1647
1650,273,481,1629,381,1736.0,1653,1648
1613,272,450,1633,379,1737.0,1654,1651
1614,270,449,1637,414,1738.0,1655,1652
1617,269,448,1656,345,1739.0,1656,1654
1618,268,417,1638,343,1740.0,1657,1655
1619,267,416,1640,310,1741.0,1658,1693
1620,266,415,1642,309,1742.0,1659,1694
1621,265,414,1644,307,1743.0,1661,1695
1623,264,413,1645,306,1744.0,1662,1727
1624,263,412,1648,303,1653.0,1663,1729
1625,262,410,1650,302,1650.0,1700,1730
1627,295,409,1651,301,1648.0,1702,1731
1628,395,408,1652,299,1555.0,1771,1732
1630,296,407,1654,298,1558.0,1754,1733
1631,298,405,1655,296,1559.0,1740,1734
1632,326,404,1695,295,1560.0,1741,1735
1635,325,403,1696,291,1561.0,1743,1736
1636,324,118,1697,290,1562.0,1744,1738
1637,323,400,1749,289,1563.0,1745,1741
1638,322,399,1735,288,1564.0,1746,1743
1639,321,398,1737,287,1566.0,1747,1744
1641,320,397,1738,286,1567.0,1748,1745
1642,319,395,1740,284,1568.0,1750,1746
1644,318,394,1741,282,1569.0,1751,1747
1645,317,120,1742,281,1570.0,1752,1748
1646,316,117,1743,280,1571.0,1753,1750
1684,315,420,1744,279,1572.0,1756,1751
1690,314,421,1745,278,1573.0,1738,1752
1761,313,422,1746,277,1574.0,1757,1753
1727,312,446,1748,275,1575.0,1758,1754
1729,311,445,1751,311,1576.0,1759,1755
1730,310,444,1732,344,1577.0,1760,1756
1731,309,443,1752,312,1578.0,1761,1757
1732,307,442,1753,314,1579.0,1763,1758
1733,306,440,1754,342,1580.0,1764,1728
1736,305,439,1755,341,1581.0,1765,1726
1737,304,114,1756,340,1582.0,1766,1696
1738,301,115,1757,339,1583.0,1767,1724
1739,300,116,1758,337,1557.0,1768,1697
1742,299,511,1759,336,1554.0,1769,1698
1743,297,434,1760,335,1585.0,1739,1699
1744,261,432,1761,334,1553.0,1737,1700
1745,396,431,1762,333,1522.0,1703,1701
1747,398,430,1733,332,1523.0,1718,1702
1748,494,429,1731,330,1524.0,1704,1703
1749,490,428,1699,329,1525.0,1705,1704
1750,489,427,1715,328,1526.0,1706,1705
1751,488,426,1701,327,1527.0,1707,1706
1752,487,425,1703,326,1528.0,1709,1707
1753,486,424,1704,325,1529.0,1710,1708
1754,485,423,1705,324,1531.0,1711,1709
1756,484,433,1706,323,1532.0,1712,1710
1757,483,512,1707,322,1535.0,1713,1711
1758,480,513,1708,320,1537.0,1715,1712
1759,479,514,1710,319,1538.0,1716,1714
1728,495,596,1712,318,1539.0,1717,1715
1726,478,595,1713,317,1540.0,1720,1716
1691,476,593,1714,316,1541.0,1736,1717
1725,475,592,1716,315,1542.0,1721,1718
1693,474,92,1729,313,1028.0,1723,1720
1694,473,591,1717,415,1544.0,1724,1721
1696,472,590,1718,417,1545.0,1725,1722
1697,470,589,1719,418,1547.0,1726,1723
1698,469,588,1720,513,1548.0,1727,1626
1699,468,587,1721,512,1549.0,1729,1624
1700,467,586,1722,511,1550.0,1731,1485
1701,466,585,1723,510,1551.0,1732,1535
1702,465,584,1724,509,1584.0,1733,1522
1703,477,582,1725,508,1586.0,1734,1523
1704,496,581,1726,507,1647.0,1735,1525
1706,497,580,1727,1015,1617.0,1633,1526
1707,498,93,1617,504,1619.0,1632,1527
1708,526,577,1614,503,1621.0,1631,1528
1709,524,576,1613,502,1622.0,1546,1529
1711,523,575,1523,501,1623.0,1528,1031
1713,522,574,1510,499,1624.0,1027,1531
1714,2024,599,1511,498,1625.0,1531,1532
1715,520,600,1512,497,1626.0,1532,1533
1716,519,601,1513,496,1627.0,1533,1534
1717,518,602,1514,495,1628.0,1536,1536
1719,517,627,1515,494,1629.0,1538,1623
1720,516,625,1516,493,1630.0,1540,1538
1723,2026,624,1518,492,1632.0,1541,1539
1724,514,623,1519,491,1633.0,1542,1540
1612,513,85,1520,490,1634.0,1543,1541
1611,512,620,1522,489,1635.0,1545,1542
1610,2027,619,1527,488,1636.0,1547,1543
1501,510,618,1506,487,1637.0,1526,1544
1503,509,87,1528,514,1638.0,1548,1545
1504,508,616,1530,486,1639.0,1549,1546
1505,507,573,1533,515,1640.0,1550,1547
1506,997,615,1019,518,1641.0,1551,1548
1507,505,613,1536,547,1642.0,1552,1549
1509,504,612,1537,546,1643.0,1553,1520
1510,503,611,1538,544,1644.0,1554,1518
1008,500,609,1539,543,1646.0,1555,1517
1514,499,607,1540,542,1618.0,1556,1515
1515,464,88,1541,541,1616.0,1557,1487
1516,463,89,1542,540,1587.0,1560,1488
1518,462,91,1507,539,1615.0,1561,1489
1520,461,174,1505,538,1588.0,1527,1490
1521,427,604,1544,537,1589.0,1525,1491
1522,426,614,1490,536,1590.0,1630,1493
1524,424,392,1478,535,1591.0,1506,1494
1525,423,572,1479,534,1592.0,1493,1495
1526,422,570,1480,533,1593.0,1494,1496
1528,421,540,1481,532,1594.0,1495,1497
1530,420,539,1482,530,1595.0,1496,1498
1531,419,536,1483,528,1596.0,1497,1499
1532,418,535,1484,527,1597.0,1498,1500
1533,417,534,1485,526,1598.0,1500,1501
1534,416,533,1486,524,1599.0,1501,1502
1535,415,532,1487,523,1600.0,1502,1503
1502,414,98,1489,522,1601.0,1503,1504
1500,413,531,1491,521,1602.0,1504,1505
1609,411,529,1504,520,1603.0,1505,1506
1498,410,528,1493,519,1604.0,1507,1507
1467,409,99,1494,517,1605.0,1524,1508
1468,408,526,1495,485,1606.0,1508,1511
1470,407,100,1496,484,1607.0,1510,1512
1471,406,524,1497,483,1609.0,1511,1513
1472,405,523,1498,450,1610.0,1513,1514
1473,2030,101,1499,449,1611.0,1514,1551
1475,403,522,1500,448,1612.0,1516,1552
1476,401,520,1501,446,1614.0,1517,1553
1477,400,516,1502,445,1776.0,1518,1590
1478,2029,515,1503,444,1777.0,1519,1592
1480,397,541,1543,443,1778.0,1520,1594
1481,430,542,1545,442,1943.0,1521,1595
1482,432,543,1612,441,1945.0,1522,1597
1483,459,544,1595,440,1946.0,1562,1598
1484,458,569,1583,438,1947.0,1563,1599
1485,457,568,1584,436,1948.0,1564,1600
1486,456,567,1585,434,1951.0,1614,1601
1488,455,566,1586,433,1953.0,1600,1602
1490,454,565,1587,432,1955.0,1601,1603
1491,453,564,1588,431,1957.0,1602,1605
1493,452,562,1589,430,1958.0,1603,1607
1494,451,561,1590,428,1959.0,1605,1608
1495,450,559,1591,427,1960.0,1606,1609
1496,449,558,1593,426,1961.0,1607,1610
1497,448,571,1594,425,1962.0,1608,1612
1536,2028,557,1597,424,1963.0,1609,1613
1538,445,94,1579,422,1964.0,1611,1614
1539,444,555,1598,421,1965.0,1612,1616
1540,442,554,1599,419,1966.0,1613,1617
1577,441,553,1600,451,1967.0,1615,1618
1578,440,552,1601,452,1968.0,1565,1619
1579,439,550,1603,453,1969.0,1616,1620
1580,438,96,1604,454,1970.0,1617,1621
1582,437,547,1605,482,1973.0,1618,1622
1583,436,546,1606,481,1974.0,1619,1591
1585,435,545,1607,479,1975.0,1620,1588
1586,434,556,1609,478,1976.0,1621,1554
1587,433,391,1610,477,1944.0,1623,1586
1588,431,389,1581,476,1942.0,1624,1555
1589,260,387,1577,475,1980.0,1625,1556
1590,259,249,1547,474,1941.0,1626,1557
1593,258,152,1559,473,1914.0,1627,1558
1594,99,248,1548,472,1915.0,1628,1561
1595,98,247,1549,471,1916.0,1599,1562
1596,97,246,1550,470,1917.0,1598,1563
1597,95,245,1551,274,1918.0,1597,1564
1598,94,244,1552,469,1919.0,1596,1566
1599,93,153,1553,467,1920.0,1566,1567
1601,92,242,1554,466,1921.0,1567,1568
1602,91,240,1555,464,1922.0,1569,1570
1603,90,239,1556,463,1923.0,1570,1572
1604,89,238,1557,462,1924.0,1571,1573
1606,88,237,1558,461,1925.0,1572,1574
1608,100,154,1561,460,1926.0,1573,1575
1576,85,235,1576,459,1927.0,1575,1576
1575,2042,156,1562,458,1928.0,1577,1577
1573,82,233,1563,457,1929.0,1578,1579
1555,81,232,1564,456,1930.0,1579,1580
1541,80,158,1565,455,1931.0,1580,1581
1543,78,159,1567,468,1932.0,1581,1582
1544,77,231,1569,273,1935.0,1582,1583
1545,76,149,1570,272,1936.0,1583,1584
1546,75,250,1571,271,1937.0,1584,1585
1547,74,251,1572,90,1938.0,1585,1759
1548,73,252,1574,88,1939.0,1586,1760
1549,72,141,1575,87,1940.0,1588,1761
1552,84,273,1763,86,1977.0,1589,1963
1553,101,272,1766,85,1981.0,1590,1947
1554,102,271,1476,84,1912.0,1591,1948
1556,103,142,1767,82,2015.0,1592,1949
1571,133,269,1940,81,2017.0,1593,1950
1558,132,268,1941,80,2018.0,1595,1951
1559,131,267,1942,79,2019.0,1770,1952
1561,130,143,1943,78,2021.0,1773,1954
1562,128,265,1944,77,2022.0,1491,1955
1563,127,230,1947,76,2023.0,1966,1957
1564,126,264,1948,75,2024.0,1950,1959
1565,125,262,1949,74,2025.0,1951,1960
1566,123,261,1950,73,2026.0,1953,1961
1567,122,260,1953,72,2027.0,1954,1964
1568,120,258,1955,71,2028.0,1955,1762
1569,119,257,1957,70,2029.0,1957,1965
1760,117,256,1958,69,2031.0,1958,1966
1763,116,145,1959,68,2032.0,1959,1967
1465,115,146,1961,67,2033.0,1960,1968
1940,114,254,1964,66,2034.0,1963,1969
1942,113,147,1965,65,2035.0,1964,1970
1943,111,263,1967,64,2036.0,1965,1971
1944,110,275,1968,91,2038.0,1967,1973
1945,109,229,1969,63,2039.0,1948,1975
1946,108,160,1970,92,2040.0,1968,1976
1948,2040,197,1972,94,2041.0,1969,1977
1949,106,196,1973,128,2043.0,1970,1979
1950,105,194,1974,127,2044.0,1971,1945
1954,104,167,1975,126,2045.0,1972,1943
1955,69,193,1939,124,2016.0,1973,1942
1956,67,192,1937,123,2014.0,1974,1940
1957,66,190,1936,121,1983.0,1975,1906
1958,65,189,1917,120,2013.0,1976,1907
1959,29,186,1904,119,1984.0,1977,1908
1960,28,168,1906,117,1985.0,1978,1909
1961,27,184,1907,116,1986.0,1979,1910
1962,26,169,1908,115,1987.0,1949,1911
1963,23,183,1909,114,1988.0,1946,1912
1964,22,182,1910,113,1989.0,1981,1913
1965,21,181,1911,111,1990.0,1930,1914
1966,20,180,1912,110,1991.0,1917,1917
1967,19,170,1914,109,1992.0,1918,1918
1968,18,171,1915,108,1993.0,1919,1920
1969,17,176,1916,106,1994.0,1920,1923
1970,16,175,1918,105,1995.0,1921,1924
1941,15,172,1935,102,1997.0,1922,1925
1939,14,200,1919,101,1999.0,1923,1927
1972,13,165,1920,100,2000.0,1924,1928
1938,12,203,1923,99,2002.0,1925,1929
1906,11,204,1925,98,2003.0,1927,1930
1907,9,226,1926,97,2004.0,1928,1931
1908,8,225,1928,93,2005.0,1929,1933
1909,7,224,1929,62,2006.0,1931,1934
1911,6,223,1930,61,2008.0,1945,1935
1912,5,222,1932,60,2009.0,1932,1936
1913,4,221,1933,27,2010.0,1933,1939
1914,2045,161,1934,26,2011.0,1934,1980
1915,2,220,1976,25,2012.0,1936,1981
1916,30,219,1977,24,1913.0,1937,1982
1917,134,218,1978,23,1911.0,1938,2014
1918,31,228,2029,22,1779.0,1939,2016
1919,2044,217,2013,21,1812.0,1940,2021
1921,64,215,2014,20,1814.0,1941,2022
1923,63,214,2016,18,1815.0,1942,2023
1924,60,212,2017,17,1816.0,1943,2024
1926,59,210,2018,16,1817.0,1944,2025
1927,58,209,2019,15,1818.0,1980,2026
1929,57,208,2020,14,1819.0,1982,2027
1930,56,207,2021,13,1820.0,1775,2028
1933,54,206,2023,12,1821.0,2032,2029
1934,53,163,2024,11,1822.0,2019,2031
1935,52,205,2028,10,1823.0,2020,2032
1936,51,216,2030,9,1825.0,2021,2033
1937,50,628,2011,8,1827.0,2022,2034
1971,49,276,2032,6,1828.0,2023,2035
1973,48,278,2033,5,1829.0,2024,2036
1764,47,354,2034,4,1830.0,2025,2037
2008,46,353,2035,3,1831.0,2026,2038
2012,45,351,2036,2,1832.0,2027,2039
2013,44,124,2037,1,1833.0,2028,2040
2015,43,350,2039,28,1835.0,2029,2041
2017,42,349,2040,29,1836.0,2030,2042
2019,39,348,2041,30,1838.0,2033,2043
2020,38,347,2042,31,1840.0,2017,2044
2021,37,346,2043,59,1841.0,2034,2045
2022,36,345,2012,58,1842.0,2035,2015
2024,34,343,2009,56,1843.0,2036,2013
2025,32,342,1979,55,1813.0,2037,1983
2027,135,125,1992,54,1811.0,2038,2012
2028,136,340,1980,53,1845.0,2039,1984
2029,137,339,1981,52,1810.0,2040,1985
2030,225,126,1982,51,1780.0,2041,1986
2031,224,338,1983,50,1781.0,2042,1987
2032,223,337,1984,49,1782.0,2043,1988
2035,222,336,1985,48,1783.0,2044,1989
2036,221,335,1986,47,1784.0,2045,1990
2038,220,333,1987,130,1785.0,2018,1991
2040,219,356,1988,46,1786.0,2016,1992
2041,218,359,1990,44,1787.0,1983,1993
2042,217,361,1991,43,1788.0,1998,1994
2043,216,362,1994,42,1789.0,1984,1995
2044,215,386,2008,41,1790.0,1985,1996
2045,214,385,1995,40,1793.0,1986,1997
2009,213,384,1996,38,1794.0,1987,1999
2007,212,383,1997,37,1795.0,1988,2000
1974,211,381,1998,36,1796.0,1989,2001
2006,210,380,1999,35,1797.0,1990,2002
1975,209,379,2000,34,1798.0,1991,2004
1976,208,378,2001,33,1799.0,1992,2005
1977,207,377,2003,32,1800.0,1994,2006
1978,206,376,2004,45,1801.0,1995,2008
1981,205,127,2005,548,1802.0,1997,2009
1982,204,375,2006,131,1803.0,1999,2010
1983,203,373,1903,133,1804.0,2015,2011
1984,202,121,1902,235,1805.0,2000,1905
1985,201,372,1901,234,1807.0,2001,1903
1986,226,371,1814,233,1844.0,2002,1902
1987,200,369,1801,232,1846.0,2003,1802
1988,227,368,1802,231,1910.0,2005,1804
1989,229,367,1803,230,1877.0,2006,1805
1990,257,123,1804,228,1879.0,2008,1807
1991,256,364,1806,226,1880.0,2009,1808
1992,255,363,1807,225,1881.0,2011,1810
1994,254,374,1808,224,1882.0,2012,1811
1995,252,137,1809,223,1884.0,2013,1812
1997,251,332,1811,222,1885.0,2014,1813
1999,250,130,1812,220,1886.0,1916,1814
2000,249,301,1813,219,1887.0,1915,1815
2001,248,300,1815,217,1888.0,1914,1816
2002,247,299,1799,216,1889.0,1825,1817
2003,246,132,1816,215,1890.0,1811,1818
2005,245,297,1817,212,1891.0,1812,1819
1905,243,134,1818,211,1892.0,1813,1820
1903,242,295,1820,210,1893.0,1814,1821
1901,241,294,1821,209,1894.0,1815,1823
1799,2033,293,1822,208,1897.0,1816,1825
1802,239,292,1823,207,1898.0,1818,1826
1803,238,291,1825,205,1899.0,1819,1827
1804,237,290,1827,204,1900.0,1821,1829
1805,236,289,1828,236,1901.0,1822,1831
1807,234,288,1830,203,1902.0,1823,1832
1808,233,135,1800,237,1904.0,1824,1834
1809,232,136,1798,239,1905.0,1826,1835
1810,2034,284,1832,270,1908.0,1807,1803
1811,230,282,1783,269,1909.0,1827,1800
1812,228,281,1769,268,1878.0,1828,1837
1814,528,280,1771,267,1876.0,1829,1797
1815,199,279,1773,266,1847.0,1830,1763
1816,197,302,1774,265,1875.0,1831,1764
1817,165,303,1776,263,1848.0,1832,1765
1818,164,304,1777,262,1849.0,1833,1766
1820,163,306,1778,261,1850.0,1834,1767
1821,162,331,1779,260,1851.0,1835,1768
1823,161,330,1780,258,1852.0,1836,1770
1825,160,329,1781,257,1853.0,1838,1771
1826,159,328,1782,256,1854.0,1840,1773
1828,158,327,1784,255,1855.0,1808,1774
1829,157,326,1797,252,1856.0,1806,1775
1830,154,325,1785,251,1857.0,1912,1776
1831,153,324,1787,250,1858.0,1790,1777
1832,152,322,1788,249,1859.0,1776,1778
1801,151,321,1789,248,1860.0,1777,1779
1797,150,128,1790,246,1861.0,1779,1780
1900,149,320,1791,245,1862.0,1780,1781
1796,148,318,1792,243,1864.0,1781,1782
1765,2038,317,1793,242,1865.0,1782,1784
1766,145,316,1794,241,1866.0,1783,1786
1767,144,314,1795,240,1867.0,1784,1787
1768,143,312,1796,238,1868.0,1785,1788
1769,142,311,1831,201,1870.0,1786,1789
1770,141,310,1833,200,1871.0,1788,1792
1771,140,309,1900,198,1872.0,1789,1793
1772,139,308,1883,165,1873.0,1791,1836
1773,138,307,1867,164,1874.0,1805,1838
1774,166,319,1868,163,1521.0,1792,1901
1775,198,629,1871,162,1543.0,1793,1871
1776,167,605,1872,161,1519.0,1794,1873
1777,169,173,1873,159,1228.0,1796,1874
1779,196,28,1875,158,1200.0,1797,1875
1780,195,834,1876,156,1201.0,1798,1876
1781,194,30,1877,154,1202.0,1799,1877
1782,193,832,1879,153,1203.0,1800,1878
1787,192,831,1880,149,1204.0,1801,1879
1788,191,830,1882,148,1205.0,1802,1880
1789,189,31,1884,147,1206.0,1803,1881
1790,188,828,1865,146,1207.0,1804,1882
1792,187,836,1885,145,1208.0,1841,1883
1793,186,827,1886,144,1209.0,1842,1885
1794,185,826,1888,143,1210.0,1843,1886
1795,2037,825,1889,142,1211.0,1892,1887
1833,183,824,1890,141,1212.0,1880,1888
1834,182,976,1892,140,1213.0,1881,1889
1835,181,823,1893,139,1214.0,1882,1890
1837,180,822,1894,137,1215.0,1883,1891
1869,179,821,1895,136,1218.0,1884,1892
1871,178,820,1896,135,1219.0,1885,1893
1872,177,975,1898,134,1220.0,1886,1894
1874,176,837,1866,166,1221.0,1887,1895
1875,174,838,1864,167,1222.0,1888,1896
1876,173,839,1834,168,1223.0,1889,1897
1877,172,25,1848,169,1224.0,1890,1898
1879,171,10,1836,197,1225.0,1891,1872
1880,170,966,1837,196,1226.0,1893,1870
1881,168,853,1838,195,1199.0,1844,1839
1883,530,26,1839,194,1198.0,1894,1869
1885,506,967,1840,193,1197.0,1895,1840
1886,532,852,1841,192,1176.0,1897,1841
1887,832,968,1843,191,1163.0,1899,1842
1888,831,27,1844,189,1164.0,1901,1843
1889,830,849,1845,188,1165.0,1902,1845
1890,829,848,1846,187,1167.0,1904,1847
1892,828,847,1847,186,1168.0,1906,1848
1893,826,846,1849,185,1169.0,1907,1849
1894,822,970,1863,132,1170.0,1908,1850
1895,821,844,1850,184,1171.0,1909,1851
1896,820,842,1851,181,1172.0,1910,1852
1897,819,841,1852,180,1173.0,1878,1853
1898,817,840,1853,179,1175.0,1877,1855
1899,816,971,1854,178,1177.0,1876,1856
1868,815,32,1856,177,1196.0,1875,1857
1866,813,854,1857,176,1178.0,1845,1858
1865,812,84,1858,175,1179.0,1846,1859
1849,811,818,1859,174,1181.0,1847,1860
1838,810,798,1860,173,1182.0,1848,1861
1839,809,797,1861,172,1183.0,1849,1862
1840,808,39,1477,171,1188.0,1851,1863
1841,807,796,1535,170,1189.0,1852,1865
1842,806,795,1475,182,1190.0,1853,1866
1843,805,794,1047,549,1191.0,1854,1867
1844,802,793,1275,505,1192.0,1855,1868
1845,833,792,1276,551,1193.0,1856,1486
1846,834,980,1277,837,1227.0,1857,1530
1847,835,40,1279,836,1229.0,1858,1257
1848,836,8,1078,835,1297.0,1859,1201
1851,2007,790,1280,834,1230.0,1861,1203
1864,861,789,1281,833,1267.0,1862,1204
1852,860,981,1282,832,1268.0,1863,1206
1853,859,788,1283,831,1269.0,1864,1207
1854,858,787,1284,830,1270.0,1865,1208
1855,856,939,1069,829,1271.0,1866,1210
1856,855,785,1050,828,1272.0,1868,1211
1857,854,791,1048,827,1273.0,1869,1212
1858,853,38,1286,838,1518.0,1870,1213
1859,852,799,1287,826,1275.0,1871,1214
1860,851,800,1288,824,1276.0,1872,1215
1861,801,817,1138,823,1277.0,1492,1216
1863,850,33,1289,822,1278.0,0,1218
1466,848,814,1290,821,1279.0,1255,1219
0,847,977,1274,820,1281.0,1223,1220
1464,846,34,1273,819,1282.0,1225,1221
1167,845,812,1272,818,1283.0,1226,1222
1169,844,978,1260,816,1284.0,1227,1224
1170,843,810,1144,815,1285.0,1229,1225
1172,842,809,1143,814,1286.0,1230,1227
1173,841,808,1256,813,1287.0,1231,1229
1176,840,807,1257,825,1288.0,1232,1230
1178,839,36,1142,812,1290.0,1234,1232
1179,837,37,1052,839,1291.0,1235,1202
1180,849,9,1141,841,1292.0,1236,1200
1181,800,805,1258,871,1294.0,1237,1236
1183,799,804,1262,870,1266.0,1059,1199
1186,797,803,1270,869,1265.0,1238,1168
1187,762,802,1263,868,1264.0,1058,1171
1188,761,801,1264,867,1244.0,1240,1172
1189,2010,819,1265,865,1231.0,1241,1173
1191,759,855,1266,864,1232.0,1242,1174
1192,758,856,1267,862,1233.0,1243,1175
1196,757,962,1051,861,1235.0,1244,1176
1197,531,916,1139,860,1236.0,1245,1177
1198,755,915,1269,858,1237.0,1246,1178
1199,2011,942,1291,840,1239.0,1057,1179
1200,753,912,1137,857,1240.0,1249,1180
1203,751,911,1252,855,1241.0,1224,1181
1205,763,910,1293,854,1242.0,1222,1182
1168,750,908,1311,853,1243.0,1056,1183
1166,748,905,1312,852,1245.0,1221,1184
1137,747,917,1313,851,1263.0,1199,1188
1165,746,903,1128,850,1246.0,1200,1189
1139,745,901,1127,848,1247.0,1201,1191
1140,744,943,1314,847,1249.0,1202,1192
1141,743,900,1044,846,1250.0,1064,1194
1142,742,22,1317,845,1251.0,1203,1195
1143,741,899,1125,844,1253.0,1204,1196
1144,739,944,1318,856,1254.0,1205,1197
1145,738,897,1124,811,1257.0,1206,1235
1147,737,896,1321,810,1260.0,1207,1238
1149,749,902,1322,809,1261.0,1063,1164
1150,863,918,1323,771,1262.0,1208,1271
1151,764,919,1171,770,1162.0,1209,1274
1152,766,920,1325,769,1161.0,1062,1275
1153,796,938,1326,767,1160.0,1211,1276
1154,795,937,1327,765,1159.0,1212,1277
1155,794,935,1329,764,1062.0,1214,1278
1156,793,934,1045,763,1063.0,1215,1279
1157,789,933,1310,762,1064.0,1216,1280
1159,788,16,1130,761,1065.0,1219,1281
1160,787,932,1135,760,1066.0,1061,1282
1161,786,931,1294,759,1068.0,1060,1283
1162,785,930,1136,772,1069.0,1220,1284
1163,784,929,1046,758,1070.0,1250,1286
1164,783,928,1295,755,1072.0,1251,1288
1207,765,17,1296,754,1073.0,1197,1290
1208,781,13,1297,753,1074.0,1278,1293
1209,779,19,1298,752,1076.0,1051,1294
1210,776,924,1299,751,1078.0,1050,1295
1247,775,923,1300,750,1079.0,1280,1296
1248,774,922,1309,749,1080.0,1281,1299
1249,773,921,1133,748,1081.0,1282,1301
1250,772,941,1301,747,1082.0,1283,1302
1252,771,895,1302,746,1083.0,1284,1303
1253,770,945,1303,745,1084.0,1081,1305
1254,2009,947,1132,756,1085.0,1286,1273
1255,768,949,1306,773,1086.0,1287,1270
1256,767,876,1131,774,1087.0,1288,1239
1257,780,875,1308,776,1089.0,1289,1269
1259,864,874,1146,808,1091.0,1290,1240
1262,865,872,1251,807,1092.0,1291,1241
1263,866,871,1331,803,1060.0,1292,1242
1267,964,870,1209,802,1058.0,1293,1243
1268,963,869,1060,801,1057.0,1294,1244
1269,961,867,1192,800,1042.0,1295,1245
1270,960,959,1193,798,1029.0,1296,1249
1273,958,865,1194,797,1030.0,1297,1250
1274,957,864,1059,796,1031.0,1298,1251
1275,956,960,1165,795,1032.0,1299,1252
1276,954,863,1196,794,1033.0,1300,1253
1277,953,862,1198,793,1034.0,1279,1254
1278,952,861,1163,791,1035.0,1277,1255
1246,951,961,1200,790,1036.0,1252,1256
1245,965,860,1201,789,1037.0,1276,1258
1244,950,858,1202,788,1039.0,1254,1259
1225,948,857,1162,550,1041.0,1489,1260
1211,947,958,1204,786,1043.0,1055,1261
1212,946,784,1058,785,1056.0,1256,1262
1213,945,877,1161,783,1044.0,1257,1263
1215,944,879,1206,782,1045.0,1258,1266
1216,943,950,1207,781,1046.0,1259,1267
1217,941,23,1208,780,1047.0,1260,1268
1218,940,890,1191,778,1048.0,1261,1165
1219,939,889,1190,777,1049.0,1262,1160
1220,938,888,1189,873,1050.0,1263,1307
1224,937,951,1168,744,1052.0,1264,1062
1226,949,887,1170,874,1053.0,1265,1064
1243,936,886,1173,877,1054.0,1267,1065
1463,966,885,1174,979,1055.0,1268,1067
1228,968,884,1169,978,1093.0,1269,1068
1229,995,952,1176,977,1094.0,1270,1070
1231,993,24,1063,976,1095.0,1053,1072
1232,992,883,1064,975,1145.0,1052,1073
1235,991,882,1180,971,1134.0,1271,1074
1236,990,955,1181,970,1135.0,1272,1075
1237,989,881,1188,969,1136.0,1273,1076
1240,988,956,1182,968,1137.0,1274,1077
1241,987,11,1183,966,1138.0,1198,1078
1138,986,880,1184,965,1139.0,1196,1079
1136,985,878,1185,981,1140.0,1302,1080
1280,984,783,1186,964,1141.0,1111,1081
1039,967,786,1167,961,1142.0,1114,1083
1041,983,781,1061,960,1143.0,1115,1084
1042,1961,1010,1187,959,1144.0,1117,1085
1043,980,693,1160,958,1146.0,1118,1086
1045,2005,692,1210,957,1132.0,1120,1088
1046,977,1011,1250,956,1147.0,1121,1089
1047,976,691,1211,955,1148.0,1124,1090
1048,975,690,1237,953,1149.0,1125,1091
1049,974,689,1067,952,1150.0,1126,1063
1050,973,688,1238,951,1151.0,1127,1061
1051,972,67,1239,950,1152.0,1079,1095
1052,971,69,1054,963,1153.0,1128,1060
1053,970,685,1240,949,1155.0,1078,1032
1054,982,1013,1241,982,1156.0,1130,1033
1055,736,684,1242,985,1157.0,1131,1034
1056,934,72,1152,1013,1158.0,1132,1035
1057,932,683,1151,1012,1133.0,1133,1036
1058,897,682,1243,1011,1131.0,1134,1037
1059,896,73,1148,1010,1097.0,1135,1040
1060,894,680,1147,1009,1111.0,1136,1041
1061,893,2,1473,1008,1098.0,1077,1042
1062,891,679,1245,1007,1099.0,1140,1043
1064,890,1009,1246,1006,1100.0,1141,1044
1065,889,65,1247,1005,1101.0,1112,1045
1040,888,711,1068,1004,1102.0,1110,1046
1038,887,782,1249,1003,1103.0,1143,1047
1135,885,63,1236,984,1104.0,1109,1048
1037,884,1006,1066,1001,1106.0,1083,1051
1009,898,64,1155,998,1108.0,1084,1052
1010,883,709,1156,997,1109.0,1085,1053
1011,880,708,1212,996,1110.0,1086,1054
1012,879,707,1213,995,1112.0,1087,1055
1013,878,66,1214,994,1130.0,1088,1057
1015,877,706,1159,992,1113.0,1089,1058
1016,875,704,1216,991,1115.0,1090,1059
1017,874,703,1217,989,1116.0,1091,1093
1020,872,1007,1218,988,1117.0,1092,1096
1021,870,702,1219,987,1119.0,1093,1158
1022,869,701,1065,986,1122.0,1094,1128
2046,868,1008,1232,1000,1123.0,1096,1130
1024,867,699,1056,947,1125.0,1097,1131
1025,882,696,1222,946,1127.0,1098,1132
1026,933,705,1224,945,1128.0,1099,1133
1027,899,74,1226,906,1129.0,1100,1135
1028,902,678,1227,905,1295.0,1101,1136
1029,931,75,1055,904,1274.0,1102,1137
1030,930,650,1230,903,1299.0,1103,1138
1031,929,78,1231,902,1437.0,1106,1140
1032,927,648,1330,901,1425.0,1107,1141
1033,926,647,1324,900,1427.0,1108,1144
1034,925,646,1332,899,1428.0,1142,1145
1066,923,644,1026,898,1429.0,1144,1146
1067,922,643,1415,897,1430.0,1193,1147
1068,921,1019,1416,896,1431.0,1070,1148
1069,920,77,1092,907,1432.0,1169,1149
1103,919,83,1417,895,1433.0,1171,1150
1106,900,640,1091,893,1434.0,1172,1151
1107,918,639,1090,892,1435.0,1173,1152
1109,916,637,1419,891,1436.0,1174,1153
1111,915,635,1420,889,1438.0,1176,1154
1114,914,634,1030,888,1422.0,1178,1155
1115,912,633,1421,887,1439.0,1179,1157
1116,910,632,1422,885,1440.0,1180,1129
1119,2006,631,1029,883,1441.0,1181,1127
1120,908,641,1424,882,1442.0,1182,1097
1121,907,76,1089,881,1443.0,1183,1126
1122,906,655,1425,879,1444.0,1184,1098
1123,905,657,1028,894,1445.0,1185,1099
1124,904,677,1426,909,1446.0,1186,1100
1125,917,676,1427,911,1448.0,1187,1101
1126,735,1014,1027,912,1449.0,1068,1102
1128,756,675,1031,944,1451.0,1188,1103
1129,2017,1015,1413,943,1424.0,1067,1104
1130,634,673,1412,940,1421.0,1189,1106
1131,2016,672,1402,938,1391.0,1190,1107
1132,632,671,1395,937,1405.0,1191,1108
1133,631,668,1095,936,1393.0,1066,1109
1134,554,667,1396,935,1394.0,1168,1110
1101,630,1016,1397,934,1395.0,1166,1111
1100,628,665,1094,933,1396.0,1145,1112
1097,555,664,1333,932,1397.0,1165,1114
1082,627,663,1400,931,1398.0,1147,1115
1070,626,662,1401,930,1399.0,1076,1116
1072,2015,661,1071,929,1400.0,1148,1118
1073,625,660,1411,928,1401.0,1149,1120
1074,624,659,1033,926,1402.0,1150,1121
1076,623,658,1032,925,1403.0,1074,1122
1077,622,1005,1404,923,1406.0,1073,1123
1078,558,712,1405,920,1420.0,1151,1124
1079,621,61,1406,919,1408.0,1072,1306
1080,620,14,1409,918,1409.0,1152,1023
1081,619,758,1093,917,1410.0,1153,1308
1083,618,757,1410,916,1300.0,1154,1359
1096,617,756,1087,915,1412.0,1071,1430
1084,616,754,1430,914,1414.0,1155,1429
1085,557,753,1394,913,1415.0,1156,1427
1086,615,751,1431,876,1416.0,1157,1426
1087,551,750,1453,743,1417.0,1158,1425
1088,637,993,1454,787,1418.0,1159,1422
1089,653,749,1456,742,1419.0,1160,1358
1091,543,994,1457,670,1452.0,1161,1421
1093,651,748,1083,669,1453.0,1162,1433
1094,544,60,1458,668,1454.0,1163,1420
1095,545,747,1459,594,1503.0,1164,1419
1279,650,5,1460,667,1490.0,1301,1416
1227,572,746,1076,666,1492.0,1285,1364
1369,648,6,1082,595,1493.0,1303,1366
1334,647,4,1462,664,1494.0,1410,1367
1327,646,759,1463,662,1495.0,1412,1368
1328,636,742,1081,660,1496.0,1413,1431
1329,645,992,1465,596,1497.0,1414,1434
1331,547,991,1466,659,1498.0,1415,1446
1332,644,775,1468,658,1499.0,1034,1348
1333,643,774,1079,657,1500.0,1416,1344
1398,642,779,1470,656,1502.0,1417,1345
1335,549,42,1471,597,1505.0,1419,1444
1393,641,771,1450,598,1456.0,1420,1346
1336,640,770,1449,671,1507.0,1422,1347
1397,639,769,1448,672,1508.0,1423,1443
1396,638,43,1439,673,1509.0,1424,1442
1337,550,987,1086,674,1510.0,1425,1391
1395,546,988,1024,689,1511.0,1033,1436
1338,2022,46,1085,584,1512.0,1427,1441
1339,614,765,1434,688,1513.0,1032,1350
1326,560,764,1074,585,1514.0,1428,1351
1402,590,989,1436,687,1515.0,1430,1440
1403,589,48,1437,686,1516.0,1431,1439
1325,588,763,1438,587,1517.0,1432,1438
1414,587,762,2046,683,1489.0,1433,1437
1413,586,761,1446,655,1488.0,1434,1415
1319,585,741,1022,682,1486.0,1435,1370
1370,584,49,1440,680,1484.0,1411,1371
1412,566,998,1075,626,1457.0,1409,1387
1321,582,56,1441,589,1459.0,1384,1399
1411,581,1003,1442,677,1460.0,1408,1383
1410,591,726,1443,590,1461.0,1386,1398
1409,567,725,1444,676,1463.0,1387,1384
1408,568,59,1021,675,1464.0,1388,1385
1407,579,722,1096,591,1465.0,1389,1386
1322,578,721,1399,681,1466.0,1390,1397
1406,577,729,1098,599,1467.0,1037,1388
1405,569,720,1037,653,1468.0,1391,1414
1324,2020,718,1350,600,1470.0,1392,1396
1394,575,717,1353,636,1471.0,1393,1389
1341,574,716,1354,635,1472.0,1394,1395
1417,570,715,1355,611,1473.0,1395,1309
1362,573,714,1356,612,1474.0,1036,1394
1357,580,1004,1357,613,1475.0,1396,1390
1359,592,713,1040,633,1476.0,1304,1393
1380,593,719,1117,614,1478.0,1398,1400
1360,594,740,1041,615,1479.0,1399,1381
1361,561,778,1115,637,1480.0,1400,1380
1378,613,53,1358,632,1481.0,1402,1401
1377,2021,737,1114,629,1482.0,1035,1413
1376,563,7,1113,628,1483.0,1404,1412
1392,612,735,1364,616,1392.0,1405,1373
1364,2018,734,1365,618,1411.0,1406,1411
1375,610,1000,1366,619,0.0,1407,1374
1366,609,730,1118,620,1353.0,1436,1410
1373,608,52,1119,621,1320.0,1437,1408
1367,607,3,1111,627,1345.0,1031,1407
1368,606,733,1339,630,1318.0,1438,1404
1371,564,54,1335,690,1346.0,1468,1376
1356,2019,1001,1122,638,1347.0,1469,1403
1381,565,732,1336,639,1348.0,1470,1377
1354,604,731,1070,601,1352.0,1471,1378
1353,603,780,1337,652,1317.0,1472,1379
1390,602,739,1338,602,1354.0,1473,1402
1344,601,999,1043,649,1344.0,1474,1445
1345,600,736,1340,648,1316.0,1029,1349
1388,599,287,1349,603,1355.0,1475,1329
1346,598,653,1341,646,1315.0,1476,1462
1347,596,1240,1343,604,1356.0,1477,1464
1349,595,1583,1344,610,1314.0,1478,1478
1387,654,1198,1346,645,1357.0,1479,1317
1386,655,1445,1347,605,1329.0,1480,1467
1350,649,1504,1348,643,1359.0,1481,1477
1385,658,1865,1120,606,1321.0,1482,1331
1384,710,1017,1368,642,1343.0,1483,1330
1383,709,597,1363,607,1362.0,1028,1313
1351,708,191,1172,641,1326.0,1484,1343
1382,707,1104,1386,609,1328.0,1485,1328
1416,706,1222,1387,640,1330.0,1486,1327
1320,705,982,1107,644,1331.0,1487,1476
1318,2014,401,1099,691,1332.0,1488,1326
1440,703,626,1106,588,1333.0,1467,1325
1452,702,986,1376,623,1327.0,1466,1324
1295,537,498,1377,719,1334.0,1465,1323
1450,701,396,1378,567,1335.0,1450,1322
1448,2023,211,1379,569,1336.0,1439,1470
1447,656,1084,1374,570,1342.0,1440,1314
1296,699,1117,1380,571,1337.0,1441,1315
1297,697,55,1381,692,1338.0,1442,1471
1446,696,727,1382,564,1325.0,1443,1472
1445,539,985,1100,572,1339.0,1444,1321
1298,695,1697,1383,715,1340.0,1445,1320
1444,694,45,1105,714,1324.0,1446,1473
1443,711,102,1102,713,1322.0,1447,1474
1300,712,131,1385,737,1341.0,1448,1475
1301,713,1706,1108,712,1361.0,1451,1463
1302,2013,50,1373,710,1358.0,1464,1466
1442,733,777,1390,716,1376.0,1452,1316
1441,732,358,1392,720,1382.0,1453,1311
1454,731,1527,1369,721,1374.0,1454,1339
1294,729,893,1370,722,1387.0,1455,1481
1293,533,1314,1372,736,1375.0,1030,1461
1460,728,390,1034,557,1377.0,1457,1479
1282,727,1185,1371,734,1378.0,1460,1338
1462,726,1346,1109,739,1379.0,1461,1312
1283,725,20,1389,558,1380.0,1462,1454
1285,693,12,1035,733,1383.0,1463,1340
1286,534,437,425,731,1372.0,1385,1337
1461,723,563,547,560,1306.0,1397,1455
1288,722,491,100,728,1384.0,1383,1456
1459,721,1164,431,727,1305.0,1341,1482
1455,720,1254,1129,561,1304.0,1329,1483
1289,2012,760,518,725,1302.0,1330,1310
1458,717,305,840,562,1385.0,1331,1335
1457,716,1295,1938,563,1386.0,1332,1334
1456,715,1509,1525,723,1373.0,1044,1449
1290,536,1640,1418,575,1301.0,1333,1448
1291,724,1498,1810,709,1371.0,1334,1341
1292,692,1549,1388,574,1366.0,1336,1458
1303,700,996,300,738,1389.0,1337,1459
1281,690,1101,475,697,1313.0,1339,1453
1439,677,2022,1110,696,1363.0,1342,1922
1423,540,517,1334,695,1312.0,1327,1650
1438,676,447,1223,740,1311.0,1344,796
1311,691,990,601,580,1364.0,1345,1237
1312,674,630,1531,700,1365.0,1346,1801
1427,673,1961,1905,578,1309.0,1347,428
1313,541,1291,908,708,1310.0,1348,1217
1426,672,1377,1164,701,1368.0,1349,358
1425,671,106,769,703,1307.0,1350,1666
1422,679,1059,1842,741,1370.0,1352,1854
1307,670,179,1700,577,1388.0,1353,531
1421,668,1620,672,693,1308.0,1354,1209
1315,667,1568,146,552,1369.0,1045,405
1316,666,1221,1698,581,1651.0,1326,812
1420,665,1988,1632,554,1180.0,1356,1560
1419,664,1466,1367,705,327.0,1314,106
1418,663,1163,802,556,1121.0,1305,1333
1317,661,1743,828,707,1996.0,1306,1363
1308,542,365,243,582,568.0,1049,426
1428,659,177,953,555,631.0,1048,1469
1433,669,243,1578,576,1426.0,1047,2030
1305,680,82,1248,706,1407.0,1309,1604
1435,675,1169,195,1809,319.0,1310,1737
1434,681,1193,805,1424,1075.0,1311,206
1304,689,436,1891,1900,598.0,1312,1589
1429,688,914,1592,592,596.0,1313,654
1431,687,1836,917,19,1792.0,1315,524
1436,686,1161,1464,784,269.0,1325,1521
1430,685,1030,1319,103,1978.0,1316,980
1306,571,768,126,1840,1774.0,1317,708
1437,682,1181,1492,890,875.0,1318,762
863,683,898,1253,1510,66.0,1319,1492
1110,1113,370,211,1951,1059.0,1046,1822
1202,71,1873,163,1887,1184.0,1320,317
1185,1954,1061,1073,2025,1038.0,1321,703
1551,792,1063,1461,1515,909.0,1322,48
1783,1228,1842,1179,525,1689.0,1323,464
442,293,1571,1407,579,220.0,1324,1418
1266,1004,866,1088,1583,1280.0,1355,1272
1204,1774,402,1203,202,1728.0,1343,893
1399,662,811,922,967,462.0,1082,1082
1310,491,674,1305,1817,771.0,1375,1009
1113,1949,892,976,1363,1234.0,1365,964
919,698,687,1255,1290,1061.0,1362,1369
907,994,1390,1694,304,871.0,1366,442
918,791,1518,871,221,762.0,1367,1170
542,1410,455,1175,374,5.0,1368,471
28,40,1139,1682,1778,526.0,1361,1304
331,1493,538,2002,1228,41.0,1369,621
1657,881,195,1616,190,1649.0,1041,1915
844,275,894,1711,1898,1423.0,1360,847
972,803,694,620,1374,694.0,1372,1247
875,1160,963,1580,1066,838.0,1373,1932
2011,782,1023,281,2004,444.0,1364,1824
856,1411,90,1359,321,101.0,1040,869
1850,1692,1618,1946,654,1255.0,1376,1372
969,1288,1871,1517,768,795.0,1377,883
1685,955,983,1268,1435,58.0,1378,1809
1348,959,813,93,1707,802.0,1379,948
2004,1285,1824,1292,583,1458.0,1358,909
1822,1075,1319,282,300,402.0,1042,1362
1952,924,1012,1158,516,1971.0,1380,56
1148,678,138,1101,1403,1154.0,1039,383
658,1899,1823,1956,806,602.0,1381,1611
370,492,1936,1398,1152,1956.0,1382,1452
377,1233,1923,105,704,1018.0,968,1772
1649,361,1767,21,439,1126.0,1873,337
792,1808,393,1673,529,946.0,336,900
660,1634,527,1924,1868,1954.0,56,884
560,1253,1387,999,1190,773.0,458,981
477,2046,1879,1623,617,622.0,1874,1190
158,302,1141,151,729,1040.0,1426,269
5,1106,1913,687,1439,329.0,1962,1113
630,1659,1042,778,118,1485.0,356,550
298,824,1379,645,1771,879.0,1338,1749
1206,981,700,2026,545,1839.0,1421,243
1238,1550,1967,1488,593,1195.0,545,809
1692,901,1158,1921,1023,432.0,1839,1066
787,1404,1060,160,735,1809.0,1104,946
588,999,470,1053,568,100.0,499,1593
1574,118,1066,225,104,305.0,465,563
1925,87,1992,1615,1336,2.0,1952,743
1718,292,1349,1952,939,548.0,1065,1790
667,147,1047,1233,112,1824.0,319,1524
283,1221,1263,31,1875,731.0,1004,1799
76,1829,1700,1566,264,510.0,1860,1510
49,548,1374,1057,718,440.0,963,999
1112,235,150,596,1129,1907.0,1730,2003
723,412,119,902,875,1118.0,11,1094
1904,1728,2031,502,183,229.0,1018,27
1063,1392,1880,490,1598,2037.0,236,1332
148,903,948,370,724,739.0,1643,1769
704,244,227,1195,1596,1088.0,966,2020
231,1428,1196,1702,1763,1659.0,1660,195
1379,652,1345,1205,1497,311.0,846,1899
670,24,298,865,622,499.0,1900,339
1453,838,1286,1649,1517,976.0,121,1163
1036,387,598,1072,1052,,335,57
1784,1801,1885,255,480,,186,1360
900,1248,1292,1432,1160,,572,669
1230,1408,236,1435,1560,,888,535
939,284,274,271,1956,,1778,1392
334,1341,162,990,842,,132,112
584,913,1192,1145,1039,,1558,1484
365,1176,1653,926,1750,,649,167
1233,1231,1364,670,1658,,777,1884
1117,447,815,795,1712,,598,690
232,1849,606,1199,437,,1043,819
1092,1560,502,998,423,,1080,746
1658,1576,1837,129,1863,,413,1285
1342,660,710,455,1002,,1762,397
1104,1243,202,1123,1053,,1038,1292
991,399,1429,725,980,,1772,145
1735,552,728,444,872,,1956,925
86,124,1021,1403,559,,2010,1450
257,481,579,20,1025,,1116,733
239,1375,234,204,1558,,1266,412
2039,1511,651,408,775,,1218,759
1242,871,80,498,983,,2004,1783
1400,501,835,1307,138,,188,904
982,942,1722,1104,908,,1020,1740
1512,1063,1615,2010,1293,,1647,1161
977,2002,1350,1391,1633,,906,301
742,1956,1257,1215,155,,687,689
751,1372,277,1691,1328,,1539,1806
1734,359,1281,1524,353,,1594,494
30,1226,1963,1899,1322,,1177,910
118,1755,1194,1675,974,,1429,1432
1791,1023,654,374,213,,1175,240
626,1204,366,779,199,,709,760
1099,629,1325,2022,1917,,1996,686
1391,754,129,563,247,,813,801
922,1444,1503,189,924,,1722,785
446,1820,1803,1254,294,,1105,1156
1572,511,341,1963,1813,,1335,376
765,1941,1680,1532,948,,1728,1615
1746,2025,1796,752,95,,950,844
1222,1450,525,2047,338,,1233,1919
1993,184,927,980,1922,,425,677
1891,1817,1721,1641,1086,,210,439
513,1772,1738,84,973,,1025,1352
943,121,2014,634,506,,1490,156
705,1565,1575,411,1660,,733,600
1090,1438,155,1573,1561,,997,1424
169,538,1102,1220,726,,1898,1071
1018,562,979,321,89,,771,1300
52,521,1110,381,757,,1742,1336
1836,2041,851,1526,942,,143,1864
1806,1500,1454,1870,608,,704,2007
1363,1762,270,617,1725,,426,1468
284,1340,1566,1824,297,,1013,1139
1158,404,506,1596,1122,,1646,1050
952,862,1079,1878,1539,,221,1375
817,1195,435,1508,500,,34,1365
1643,978,829,970,1198,,230,1435
1118,1306,1367,768,922,,148,248
1629,1135,891,1077,1545,,840,1382
1873,446,1316,1221,1158,,1993,484
342,769,255,1887,1804,,202,787
805,428,97,73,884,,21,1916
378,0,1453,1012,792,,1167,967
341,2036,486,1509,1027,,788,1423
957,633,1719,1993,1982,,1456,800
1340,718,695,419,398,,799,1038
2014,107,1853,832,698,,1403,1571
1108,1546,833,2045,1040,,1850,761
524,231,723,991,151,,441,1198
714,1699,642,1786,1576,,875,1596
1415,1178,1322,1178,1847,,770,564
521,344,1244,1750,293,,1610,481
1239,1823,1805,1960,244,,1138,1125
585,1191,79,173,1703,,761,1649
801,1497,1468,1121,1153,,1509,1713
986,515,1418,1285,1356,,462,1159
1175,1594,113,1546,1914,,1328,885
1287,760,296,1971,863,,1604,902
1550,909,462,1316,387,,1357,633
795,1781,940,1829,1462,,268,1291
1785,1143,1570,1568,2046,,476,1049
1932,714,1768,1805,1362,,961,1356
1365,1439,1713,743,1488,,1129,296
1449,1693,466,750,1319,,1137,1516
894,33,266,1036,1550,,969,1900
1127,1857,1538,938,1585,,824,1672
1778,146,1385,2044,859,,602,1228
299,559,1123,1375,1869,,1307,121
83,576,253,59,886,,583,375
752,1813,995,1529,1140,,1795,1186
1813,1407,957,1360,766,,1069,781
1741,2035,806,1445,362,,1248,1962
353,1009,419,654,1138,,917,575
254,41,1874,483,1459,,1194,1406
1299,1331,1910,1423,447,,855,953
410,1927,766,723,1257,,719,1166
462,1170,1511,1084,435,,473,1143
855,1369,1984,1244,679,,977,1233
1953,83,1811,1775,1715,,29,446
578,1152,617,1582,1499,,1374,1653
1920,3,1285,1153,1250,,155,1405
229,605,1412,1042,1088,,151,1742
1007,1111,1529,1428,107,,120,1550
1870,1621,1938,96,1438,,804,1298
1489,1598,1230,342,1941,,859,323
993,611,86,1768,1139,,1817,1798
771,704,926,699,1411,,1499,256
1605,635,622,1962,804,,1340,1092
244,1284,44,1602,849,,483,215
823,1234,1863,420,1779,,1210,704
852,330,18,212,1178,,1308,1039
798,1183,1324,1659,1580,,1935,1941
563,240,744,1855,384,,1122,1119
194,1363,681,1025,817,,1370,1231
101,827,1253,1433,1907,,1622,1105
